dataset_kind,dataset_id,dataset_slug,dataset_name,country_code,country_name,disease_id,disease_name_en,disease_name_zh,category,date,year_month,cases,weekly_equiv_cases,deaths,incidence_rate_per_100k,incidence_rate_source,mortality_rate,coverage_start,coverage_end,generated_at,primary_source_scope,primary_source_label,primary_source_url,primary_source_type,source_scopes,source_labels,source_urls,source_types
disease,D012,other-hepatitis,Other Hepatitis,CN,China,D012,Other Hepatitis,未分型肝炎,Viral,2010-01-01,2010-01,3723,840.6774193548387,4,0.27545916049219493,wpp_computed,,2010-01-01,2026-02-01,2026-03-27T13:36:35.923232+00:00,cdc_weekly,China CDC Weekly,https://weekly.chinacdc.cn,web,cdc_weekly; nhc; pubmed,China CDC Weekly; National Disease Control and Prevention Administration; PubMed,https://weekly.chinacdc.cn; https://www.ndcpa.gov.cn; https://pubmed.ncbi.nlm.nih.gov,web; web; web
disease,D012,other-hepatitis,Other Hepatitis,CN,China,D012,Other Hepatitis,未分型肝炎,Viral,2010-02-01,2010-02,3644,822.8387096774194,1,0.2696140695228467,wpp_computed,,2010-01-01,2026-02-01,2026-03-27T13:36:35.923232+00:00,cdc_weekly,China CDC Weekly,https://weekly.chinacdc.cn,web,cdc_weekly; nhc; pubmed,China CDC Weekly; National Disease Control and Prevention Administration; PubMed,https://weekly.chinacdc.cn; https://www.ndcpa.gov.cn; https://pubmed.ncbi.nlm.nih.gov,web; web; web
disease,D012,other-hepatitis,Other Hepatitis,CN,China,D012,Other Hepatitis,未分型肝炎,Viral,2010-03-01,2010-03,4921,1230.25,2,0.36409737544509574,wpp_computed,,2010-01-01,2026-02-01,2026-03-27T13:36:35.923232+00:00,cdc_weekly,China CDC Weekly,https://weekly.chinacdc.cn,web,cdc_weekly; nhc; pubmed,China CDC Weekly; National Disease Control and Prevention Administration; PubMed,https://weekly.chinacdc.cn; https://www.ndcpa.gov.cn; https://pubmed.ncbi.nlm.nih.gov,web; web; web
disease,D012,other-hepatitis,Other Hepatitis,CN,China,D012,Other Hepatitis,未分型肝炎,Viral,2010-04-01,2010-04,4627,1044.8064516129032,3,0.3423447584199264,wpp_computed,,2010-01-01,2026-02-01,2026-03-27T13:36:35.923232+00:00,cdc_weekly,China CDC Weekly,https://weekly.chinacdc.cn,web,cdc_weekly; nhc; pubmed,China CDC Weekly; National Disease Control and Prevention Administration; PubMed,https://weekly.chinacdc.cn; https://www.ndcpa.gov.cn; https://pubmed.ncbi.nlm.nih.gov,web; web; web
disease,D012,other-hepatitis,Other Hepatitis,CN,China,D012,Other Hepatitis,未分型肝炎,Viral,2010-05-01,2010-05,4678,1091.5333333333333,3,0.34611817157735375,wpp_computed,,2010-01-01,2026-02-01,2026-03-27T13:36:35.923232+00:00,cdc_weekly,China CDC Weekly,https://weekly.chinacdc.cn,web,cdc_weekly; nhc; pubmed,China CDC Weekly; National Disease Control and Prevention Administration; PubMed,https://weekly.chinacdc.cn; https://www.ndcpa.gov.cn; https://pubmed.ncbi.nlm.nih.gov,web; web; web
disease,D012,other-hepatitis,Other Hepatitis,CN,China,D012,Other Hepatitis,未分型肝炎,Viral,2010-06-01,2010-06,4357,983.8387096774195,5,0.3223678652335465,wpp_computed,,2010-01-01,2026-02-01,2026-03-27T13:36:35.923232+00:00,cdc_weekly,China CDC Weekly,https://weekly.chinacdc.cn,web,cdc_weekly; nhc; pubmed,China CDC Weekly; National Disease Control and Prevention Administration; PubMed,https://weekly.chinacdc.cn; https://www.ndcpa.gov.cn; https://pubmed.ncbi.nlm.nih.gov,web; web; web
disease,D012,other-hepatitis,Other Hepatitis,CN,China,D012,Other Hepatitis,未分型肝炎,Viral,2010-07-01,2010-07,4339,1012.4333333333333,5,0.32103607235445447,wpp_computed,,2010-01-01,2026-02-01,2026-03-27T13:36:35.923232+00:00,cdc_weekly,China CDC Weekly,https://weekly.chinacdc.cn,web,cdc_weekly; nhc; pubmed,China CDC Weekly; National Disease Control and Prevention Administration; PubMed,https://weekly.chinacdc.cn; https://www.ndcpa.gov.cn; https://pubmed.ncbi.nlm.nih.gov,web; web; web
disease,D012,other-hepatitis,Other Hepatitis,CN,China,D012,Other Hepatitis,未分型肝炎,Viral,2010-08-01,2010-08,4402,994.0,2,0.32569734743127643,wpp_computed,,2010-01-01,2026-02-01,2026-03-27T13:36:35.923232+00:00,cdc_weekly,China CDC Weekly,https://weekly.chinacdc.cn,web,cdc_weekly; nhc; pubmed,China CDC Weekly; National Disease Control and Prevention Administration; PubMed,https://weekly.chinacdc.cn; https://www.ndcpa.gov.cn; https://pubmed.ncbi.nlm.nih.gov,web; web; web
disease,D012,other-hepatitis,Other Hepatitis,CN,China,D012,Other Hepatitis,未分型肝炎,Viral,2010-09-01,2010-09,4157,938.6774193548387,1,0.30757016657696873,wpp_computed,,2010-01-01,2026-02-01,2026-03-27T13:36:35.923232+00:00,cdc_weekly,China CDC Weekly,https://weekly.chinacdc.cn,web,cdc_weekly; nhc; pubmed,China CDC Weekly; National Disease Control and Prevention Administration; PubMed,https://weekly.chinacdc.cn; https://www.ndcpa.gov.cn; https://pubmed.ncbi.nlm.nih.gov,web; web; web
disease,D012,other-hepatitis,Other Hepatitis,CN,China,D012,Other Hepatitis,未分型肝炎,Viral,2010-10-01,2010-10,4157,969.9666666666667,1,0.30757016657696873,wpp_computed,,2010-01-01,2026-02-01,2026-03-27T13:36:35.923232+00:00,cdc_weekly,China CDC Weekly,https://weekly.chinacdc.cn,web,cdc_weekly; nhc; pubmed,China CDC Weekly; National Disease Control and Prevention Administration; PubMed,https://weekly.chinacdc.cn; https://www.ndcpa.gov.cn; https://pubmed.ncbi.nlm.nih.gov,web; web; web
disease,D012,other-hepatitis,Other Hepatitis,CN,China,D012,Other Hepatitis,未分型肝炎,Viral,2010-11-01,2010-11,4289,968.4838709677418,3,0.31733664769031,wpp_computed,,2010-01-01,2026-02-01,2026-03-27T13:36:35.923232+00:00,cdc_weekly,China CDC Weekly,https://weekly.chinacdc.cn,web,cdc_weekly; nhc; pubmed,China CDC Weekly; National Disease Control and Prevention Administration; PubMed,https://weekly.chinacdc.cn; https://www.ndcpa.gov.cn; https://pubmed.ncbi.nlm.nih.gov,web; web; web
disease,D012,other-hepatitis,Other Hepatitis,CN,China,D012,Other Hepatitis,未分型肝炎,Viral,2010-12-01,2010-12,3931,917.2333333333333,0,0.2908487670950358,wpp_computed,,2010-01-01,2026-02-01,2026-03-27T13:36:35.923232+00:00,cdc_weekly,China CDC Weekly,https://weekly.chinacdc.cn,web,cdc_weekly; nhc; pubmed,China CDC Weekly; National Disease Control and Prevention Administration; PubMed,https://weekly.chinacdc.cn; https://www.ndcpa.gov.cn; https://pubmed.ncbi.nlm.nih.gov,web; web; web
disease,D012,other-hepatitis,Other Hepatitis,CN,China,D012,Other Hepatitis,未分型肝炎,Viral,2011-01-01,2011-01,3788,855.3548387096773,0,0.27847808487506903,wpp_computed,,2010-01-01,2026-02-01,2026-03-27T13:36:35.923232+00:00,cdc_weekly,China CDC Weekly,https://weekly.chinacdc.cn,web,cdc_weekly; nhc; pubmed,China CDC Weekly; National Disease Control and Prevention Administration; PubMed,https://weekly.chinacdc.cn; https://www.ndcpa.gov.cn; https://pubmed.ncbi.nlm.nih.gov,web; web; web
disease,D012,other-hepatitis,Other Hepatitis,CN,China,D012,Other Hepatitis,未分型肝炎,Viral,2011-02-01,2011-02,3539,799.1290322580645,1,0.26017263526210904,wpp_computed,,2010-01-01,2026-02-01,2026-03-27T13:36:35.923232+00:00,cdc_weekly,China CDC Weekly,https://weekly.chinacdc.cn,web,cdc_weekly; nhc; pubmed,China CDC Weekly; National Disease Control and Prevention Administration; PubMed,https://weekly.chinacdc.cn; https://www.ndcpa.gov.cn; https://pubmed.ncbi.nlm.nih.gov,web; web; web
disease,D012,other-hepatitis,Other Hepatitis,CN,China,D012,Other Hepatitis,未分型肝炎,Viral,2011-03-01,2011-03,5010,1252.5,2,0.3683144681161815,wpp_computed,,2010-01-01,2026-02-01,2026-03-27T13:36:35.923232+00:00,cdc_weekly,China CDC Weekly,https://weekly.chinacdc.cn,web,cdc_weekly; nhc; pubmed,China CDC Weekly; National Disease Control and Prevention Administration; PubMed,https://weekly.chinacdc.cn; https://www.ndcpa.gov.cn; https://pubmed.ncbi.nlm.nih.gov,web; web; web
disease,D012,other-hepatitis,Other Hepatitis,CN,China,D012,Other Hepatitis,未分型肝炎,Viral,2011-04-01,2011-04,4717,1065.1290322580644,0,0.34677432057964636,wpp_computed,,2010-01-01,2026-02-01,2026-03-27T13:36:35.923232+00:00,cdc_weekly,China CDC Weekly,https://weekly.chinacdc.cn,web,cdc_weekly; nhc; pubmed,China CDC Weekly; National Disease Control and Prevention Administration; PubMed,https://weekly.chinacdc.cn; https://www.ndcpa.gov.cn; https://pubmed.ncbi.nlm.nih.gov,web; web; web
disease,D012,other-hepatitis,Other Hepatitis,CN,China,D012,Other Hepatitis,未分型肝炎,Viral,2011-05-01,2011-05,4468,1042.5333333333333,1,0.3284688709666864,wpp_computed,,2010-01-01,2026-02-01,2026-03-27T13:36:35.923232+00:00,cdc_weekly,China CDC Weekly,https://weekly.chinacdc.cn,web,cdc_weekly; nhc; pubmed,China CDC Weekly; National Disease Control and Prevention Administration; PubMed,https://weekly.chinacdc.cn; https://www.ndcpa.gov.cn; https://pubmed.ncbi.nlm.nih.gov,web; web; web
disease,D012,other-hepatitis,Other Hepatitis,CN,China,D012,Other Hepatitis,未分型肝炎,Viral,2011-06-01,2011-06,4198,947.9354838709677,0,0.30861958825383834,wpp_computed,,2010-01-01,2026-02-01,2026-03-27T13:36:35.923232+00:00,cdc_weekly,China CDC Weekly,https://weekly.chinacdc.cn,web,cdc_weekly; nhc; pubmed,China CDC Weekly; National Disease Control and Prevention Administration; PubMed,https://weekly.chinacdc.cn; https://www.ndcpa.gov.cn; https://pubmed.ncbi.nlm.nih.gov,web; web; web
disease,D012,other-hepatitis,Other Hepatitis,CN,China,D012,Other Hepatitis,未分型肝炎,Viral,2011-07-01,2011-07,4279,998.4333333333333,3,0.31457437306769276,wpp_computed,,2010-01-01,2026-02-01,2026-03-27T13:36:35.923232+00:00,cdc_weekly,China CDC Weekly,https://weekly.chinacdc.cn,web,cdc_weekly; nhc; pubmed,China CDC Weekly; National Disease Control and Prevention Administration; PubMed,https://weekly.chinacdc.cn; https://www.ndcpa.gov.cn; https://pubmed.ncbi.nlm.nih.gov,web; web; web
disease,D012,other-hepatitis,Other Hepatitis,CN,China,D012,Other Hepatitis,未分型肝炎,Viral,2011-08-01,2011-08,4363,985.1935483870968,3,0.3207497054672455,wpp_computed,,2010-01-01,2026-02-01,2026-03-27T13:36:35.923232+00:00,cdc_weekly,China CDC Weekly,https://weekly.chinacdc.cn,web,cdc_weekly; nhc; pubmed,China CDC Weekly; National Disease Control and Prevention Administration; PubMed,https://weekly.chinacdc.cn; https://www.ndcpa.gov.cn; https://pubmed.ncbi.nlm.nih.gov,web; web; web
disease,D012,other-hepatitis,Other Hepatitis,CN,China,D012,Other Hepatitis,未分型肝炎,Viral,2011-09-01,2011-09,4205,949.5161290322582,1,0.30913419928713437,wpp_computed,,2010-01-01,2026-02-01,2026-03-27T13:36:35.923232+00:00,cdc_weekly,China CDC Weekly,https://weekly.chinacdc.cn,web,cdc_weekly; nhc; pubmed,China CDC Weekly; National Disease Control and Prevention Administration; PubMed,https://weekly.chinacdc.cn; https://www.ndcpa.gov.cn; https://pubmed.ncbi.nlm.nih.gov,web; web; web
disease,D012,other-hepatitis,Other Hepatitis,CN,China,D012,Other Hepatitis,未分型肝炎,Viral,2011-10-01,2011-10,3947,920.9666666666667,2,0.29016710691707953,wpp_computed,,2010-01-01,2026-02-01,2026-03-27T13:36:35.923232+00:00,cdc_weekly,China CDC Weekly,https://weekly.chinacdc.cn,web,cdc_weekly; nhc; pubmed,China CDC Weekly; National Disease Control and Prevention Administration; PubMed,https://weekly.chinacdc.cn; https://www.ndcpa.gov.cn; https://pubmed.ncbi.nlm.nih.gov,web; web; web
disease,D012,other-hepatitis,Other Hepatitis,CN,China,D012,Other Hepatitis,未分型肝炎,Viral,2011-11-01,2011-11,4049,914.2903225806452,4,0.29766572483082215,wpp_computed,,2010-01-01,2026-02-01,2026-03-27T13:36:35.923232+00:00,cdc_weekly,China CDC Weekly,https://weekly.chinacdc.cn,web,cdc_weekly; nhc; pubmed,China CDC Weekly; National Disease Control and Prevention Administration; PubMed,https://weekly.chinacdc.cn; https://www.ndcpa.gov.cn; https://pubmed.ncbi.nlm.nih.gov,web; web; web
disease,D012,other-hepatitis,Other Hepatitis,CN,China,D012,Other Hepatitis,未分型肝炎,Viral,2011-12-01,2011-12,3755,876.1666666666667,1,0.27605206143238753,wpp_computed,,2010-01-01,2026-02-01,2026-03-27T13:36:35.923232+00:00,cdc_weekly,China CDC Weekly,https://weekly.chinacdc.cn,web,cdc_weekly; nhc; pubmed,China CDC Weekly; National Disease Control and Prevention Administration; PubMed,https://weekly.chinacdc.cn; https://www.ndcpa.gov.cn; https://pubmed.ncbi.nlm.nih.gov,web; web; web
disease,D012,other-hepatitis,Other Hepatitis,CN,China,D012,Other Hepatitis,未分型肝炎,Viral,2012-01-01,2012-01,3240,731.6129032258065,3,0.2365790901026466,wpp_computed,,2010-01-01,2026-02-01,2026-03-27T13:36:35.923232+00:00,cdc_weekly,China CDC Weekly,https://weekly.chinacdc.cn,web,cdc_weekly; nhc; pubmed,China CDC Weekly; National Disease Control and Prevention Administration; PubMed,https://weekly.chinacdc.cn; https://www.ndcpa.gov.cn; https://pubmed.ncbi.nlm.nih.gov,web; web; web
disease,D012,other-hepatitis,Other Hepatitis,CN,China,D012,Other Hepatitis,未分型肝炎,Viral,2012-02-01,2012-02,4113,928.741935483871,4,0.3003240116025264,wpp_computed,,2010-01-01,2026-02-01,2026-03-27T13:36:35.923232+00:00,cdc_weekly,China CDC Weekly,https://weekly.chinacdc.cn,web,cdc_weekly; nhc; pubmed,China CDC Weekly; National Disease Control and Prevention Administration; PubMed,https://weekly.chinacdc.cn; https://www.ndcpa.gov.cn; https://pubmed.ncbi.nlm.nih.gov,web; web; web
disease,D012,other-hepatitis,Other Hepatitis,CN,China,D012,Other Hepatitis,未分型肝炎,Viral,2012-03-01,2012-03,4493,1084.5172413793105,3,0.3280709419232072,wpp_computed,,2010-01-01,2026-02-01,2026-03-27T13:36:35.923232+00:00,cdc_weekly,China CDC Weekly,https://weekly.chinacdc.cn,web,cdc_weekly; nhc; pubmed,China CDC Weekly; National Disease Control and Prevention Administration; PubMed,https://weekly.chinacdc.cn; https://www.ndcpa.gov.cn; https://pubmed.ncbi.nlm.nih.gov,web; web; web
disease,D012,other-hepatitis,Other Hepatitis,CN,China,D012,Other Hepatitis,未分型肝炎,Viral,2012-04-01,2012-04,4074,919.9354838709677,2,0.29747630033277234,wpp_computed,,2010-01-01,2026-02-01,2026-03-27T13:36:35.923232+00:00,cdc_weekly,China CDC Weekly,https://weekly.chinacdc.cn,web,cdc_weekly; nhc; pubmed,China CDC Weekly; National Disease Control and Prevention Administration; PubMed,https://weekly.chinacdc.cn; https://www.ndcpa.gov.cn; https://pubmed.ncbi.nlm.nih.gov,web; web; web
disease,D012,other-hepatitis,Other Hepatitis,CN,China,D012,Other Hepatitis,未分型肝炎,Viral,2012-05-01,2012-05,4064,948.2666666666667,0,0.29674611795591227,wpp_computed,,2010-01-01,2026-02-01,2026-03-27T13:36:35.923232+00:00,cdc_weekly,China CDC Weekly,https://weekly.chinacdc.cn,web,cdc_weekly; nhc; pubmed,China CDC Weekly; National Disease Control and Prevention Administration; PubMed,https://weekly.chinacdc.cn; https://www.ndcpa.gov.cn; https://pubmed.ncbi.nlm.nih.gov,web; web; web
disease,D012,other-hepatitis,Other Hepatitis,CN,China,D012,Other Hepatitis,未分型肝炎,Viral,2012-06-01,2012-06,3811,860.5483870967741,2,0.27827250382135377,wpp_computed,,2010-01-01,2026-02-01,2026-03-27T13:36:35.923232+00:00,cdc_weekly,China CDC Weekly,https://weekly.chinacdc.cn,web,cdc_weekly; nhc; pubmed,China CDC Weekly; National Disease Control and Prevention Administration; PubMed,https://weekly.chinacdc.cn; https://www.ndcpa.gov.cn; https://pubmed.ncbi.nlm.nih.gov,web; web; web
disease,D012,other-hepatitis,Other Hepatitis,CN,China,D012,Other Hepatitis,未分型肝炎,Viral,2012-07-01,2012-07,3904,910.9333333333333,1,0.285063199926152,wpp_computed,,2010-01-01,2026-02-01,2026-03-27T13:36:35.923232+00:00,cdc_weekly,China CDC Weekly,https://weekly.chinacdc.cn,web,cdc_weekly; nhc; pubmed,China CDC Weekly; National Disease Control and Prevention Administration; PubMed,https://weekly.chinacdc.cn; https://www.ndcpa.gov.cn; https://pubmed.ncbi.nlm.nih.gov,web; web; web
disease,D012,other-hepatitis,Other Hepatitis,CN,China,D012,Other Hepatitis,未分型肝炎,Viral,2012-08-01,2012-08,4008,905.0322580645161,0,0.2926570966454962,wpp_computed,,2010-01-01,2026-02-01,2026-03-27T13:36:35.923232+00:00,cdc_weekly,China CDC Weekly,https://weekly.chinacdc.cn,web,cdc_weekly; nhc; pubmed,China CDC Weekly; National Disease Control and Prevention Administration; PubMed,https://weekly.chinacdc.cn; https://www.ndcpa.gov.cn; https://pubmed.ncbi.nlm.nih.gov,web; web; web
disease,D012,other-hepatitis,Other Hepatitis,CN,China,D012,Other Hepatitis,未分型肝炎,Viral,2012-09-01,2012-09,3555,802.741935483871,0,0.25957983497373727,wpp_computed,,2010-01-01,2026-02-01,2026-03-27T13:36:35.923232+00:00,cdc_weekly,China CDC Weekly,https://weekly.chinacdc.cn,web,cdc_weekly; nhc; pubmed,China CDC Weekly; National Disease Control and Prevention Administration; PubMed,https://weekly.chinacdc.cn; https://www.ndcpa.gov.cn; https://pubmed.ncbi.nlm.nih.gov,web; web; web
disease,D012,other-hepatitis,Other Hepatitis,CN,China,D012,Other Hepatitis,未分型肝炎,Viral,2012-10-01,2012-10,3581,835.5666666666666,0,0.26147830915357334,wpp_computed,,2010-01-01,2026-02-01,2026-03-27T13:36:35.923232+00:00,cdc_weekly,China CDC Weekly,https://weekly.chinacdc.cn,web,cdc_weekly; nhc; pubmed,China CDC Weekly; National Disease Control and Prevention Administration; PubMed,https://weekly.chinacdc.cn; https://www.ndcpa.gov.cn; https://pubmed.ncbi.nlm.nih.gov,web; web; web
disease,D012,other-hepatitis,Other Hepatitis,CN,China,D012,Other Hepatitis,未分型肝炎,Viral,2012-11-01,2012-11,3436,775.8709677419355,1,0.25089066468910304,wpp_computed,,2010-01-01,2026-02-01,2026-03-27T13:36:35.923232+00:00,cdc_weekly,China CDC Weekly,https://weekly.chinacdc.cn,web,cdc_weekly; nhc; pubmed,China CDC Weekly; National Disease Control and Prevention Administration; PubMed,https://weekly.chinacdc.cn; https://www.ndcpa.gov.cn; https://pubmed.ncbi.nlm.nih.gov,web; web; web
disease,D012,other-hepatitis,Other Hepatitis,CN,China,D012,Other Hepatitis,未分型肝炎,Viral,2012-12-01,2012-12,3255,759.5,6,0.23767436366793665,wpp_computed,,2010-01-01,2026-02-01,2026-03-27T13:36:35.923232+00:00,cdc_weekly,China CDC Weekly,https://weekly.chinacdc.cn,web,cdc_weekly; nhc; pubmed,China CDC Weekly; National Disease Control and Prevention Administration; PubMed,https://weekly.chinacdc.cn; https://www.ndcpa.gov.cn; https://pubmed.ncbi.nlm.nih.gov,web; web; web
disease,D012,other-hepatitis,Other Hepatitis,CN,China,D012,Other Hepatitis,未分型肝炎,Viral,2013-01-01,2013-01,3359,758.483870967742,2,0.24358088577801879,wpp_computed,,2010-01-01,2026-02-01,2026-03-27T13:36:35.923232+00:00,cdc_weekly,China CDC Weekly,https://weekly.chinacdc.cn,web,cdc_weekly; nhc; pubmed,China CDC Weekly; National Disease Control and Prevention Administration; PubMed,https://weekly.chinacdc.cn; https://www.ndcpa.gov.cn; https://pubmed.ncbi.nlm.nih.gov,web; web; web
disease,D012,other-hepatitis,Other Hepatitis,CN,China,D012,Other Hepatitis,未分型肝炎,Viral,2013-02-01,2013-02,2947,665.4516129032259,1,0.21370433771593372,wpp_computed,,2010-01-01,2026-02-01,2026-03-27T13:36:35.923232+00:00,cdc_weekly,China CDC Weekly,https://weekly.chinacdc.cn,web,cdc_weekly; nhc; pubmed,China CDC Weekly; National Disease Control and Prevention Administration; PubMed,https://weekly.chinacdc.cn; https://www.ndcpa.gov.cn; https://pubmed.ncbi.nlm.nih.gov,web; web; web
disease,D012,other-hepatitis,Other Hepatitis,CN,China,D012,Other Hepatitis,未分型肝炎,Viral,2013-03-01,2013-03,3752,938.0,3,0.2720796318663669,wpp_computed,,2010-01-01,2026-02-01,2026-03-27T13:36:35.923232+00:00,cdc_weekly,China CDC Weekly,https://weekly.chinacdc.cn,web,cdc_weekly; nhc; pubmed,China CDC Weekly; National Disease Control and Prevention Administration; PubMed,https://weekly.chinacdc.cn; https://www.ndcpa.gov.cn; https://pubmed.ncbi.nlm.nih.gov,web; web; web
disease,D012,other-hepatitis,Other Hepatitis,CN,China,D012,Other Hepatitis,未分型肝炎,Viral,2013-04-01,2013-04,3413,770.6774193548387,1,0.24749674401916585,wpp_computed,,2010-01-01,2026-02-01,2026-03-27T13:36:35.923232+00:00,cdc_weekly,China CDC Weekly,https://weekly.chinacdc.cn,web,cdc_weekly; nhc; pubmed,China CDC Weekly; National Disease Control and Prevention Administration; PubMed,https://weekly.chinacdc.cn; https://www.ndcpa.gov.cn; https://pubmed.ncbi.nlm.nih.gov,web; web; web
disease,D012,other-hepatitis,Other Hepatitis,CN,China,D012,Other Hepatitis,未分型肝炎,Viral,2013-05-01,2013-05,3416,797.0666666666666,4,0.2477142916992296,wpp_computed,,2010-01-01,2026-02-01,2026-03-27T13:36:35.923232+00:00,cdc_weekly,China CDC Weekly,https://weekly.chinacdc.cn,web,cdc_weekly; nhc; pubmed,China CDC Weekly; National Disease Control and Prevention Administration; PubMed,https://weekly.chinacdc.cn; https://www.ndcpa.gov.cn; https://pubmed.ncbi.nlm.nih.gov,web; web; web
disease,D012,other-hepatitis,Other Hepatitis,CN,China,D012,Other Hepatitis,未分型肝炎,Viral,2013-06-01,2013-06,3161,713.7741935483871,0,0.22922273889381284,wpp_computed,,2010-01-01,2026-02-01,2026-03-27T13:36:35.923232+00:00,cdc_weekly,China CDC Weekly,https://weekly.chinacdc.cn,web,cdc_weekly; nhc; pubmed,China CDC Weekly; National Disease Control and Prevention Administration; PubMed,https://weekly.chinacdc.cn; https://www.ndcpa.gov.cn; https://pubmed.ncbi.nlm.nih.gov,web; web; web
disease,D012,other-hepatitis,Other Hepatitis,CN,China,D012,Other Hepatitis,未分型肝炎,Viral,2013-07-01,2013-07,3446,804.0666666666666,1,0.24988976849986683,wpp_computed,,2010-01-01,2026-02-01,2026-03-27T13:36:35.923232+00:00,cdc_weekly,China CDC Weekly,https://weekly.chinacdc.cn,web,cdc_weekly; nhc; pubmed,China CDC Weekly; National Disease Control and Prevention Administration; PubMed,https://weekly.chinacdc.cn; https://www.ndcpa.gov.cn; https://pubmed.ncbi.nlm.nih.gov,web; web; web
disease,D012,other-hepatitis,Other Hepatitis,CN,China,D012,Other Hepatitis,未分型肝炎,Viral,2013-08-01,2013-08,3490,788.0645161290322,1,0.2530804678074681,wpp_computed,,2010-01-01,2026-02-01,2026-03-27T13:36:35.923232+00:00,cdc_weekly,China CDC Weekly,https://weekly.chinacdc.cn,web,cdc_weekly; nhc; pubmed,China CDC Weekly; National Disease Control and Prevention Administration; PubMed,https://weekly.chinacdc.cn; https://www.ndcpa.gov.cn; https://pubmed.ncbi.nlm.nih.gov,web; web; web
disease,D012,other-hepatitis,Other Hepatitis,CN,China,D012,Other Hepatitis,未分型肝炎,Viral,2013-09-01,2013-09,3446,778.1290322580645,1,0.24988976849986683,wpp_computed,,2010-01-01,2026-02-01,2026-03-27T13:36:35.923232+00:00,cdc_weekly,China CDC Weekly,https://weekly.chinacdc.cn,web,cdc_weekly; nhc; pubmed,China CDC Weekly; National Disease Control and Prevention Administration; PubMed,https://weekly.chinacdc.cn; https://www.ndcpa.gov.cn; https://pubmed.ncbi.nlm.nih.gov,web; web; web
disease,D012,other-hepatitis,Other Hepatitis,CN,China,D012,Other Hepatitis,未分型肝炎,Viral,2013-10-01,2013-10,3131,730.5666666666666,0,0.2270472620931756,wpp_computed,,2010-01-01,2026-02-01,2026-03-27T13:36:35.923232+00:00,cdc_weekly,China CDC Weekly,https://weekly.chinacdc.cn,web,cdc_weekly; nhc; pubmed,China CDC Weekly; National Disease Control and Prevention Administration; PubMed,https://weekly.chinacdc.cn; https://www.ndcpa.gov.cn; https://pubmed.ncbi.nlm.nih.gov,web; web; web
disease,D012,other-hepatitis,Other Hepatitis,CN,China,D012,Other Hepatitis,未分型肝炎,Viral,2013-11-01,2013-11,3098,699.5483870967741,4,0.2246542376124746,wpp_computed,,2010-01-01,2026-02-01,2026-03-27T13:36:35.923232+00:00,cdc_weekly,China CDC Weekly,https://weekly.chinacdc.cn,web,cdc_weekly; nhc; pubmed,China CDC Weekly; National Disease Control and Prevention Administration; PubMed,https://weekly.chinacdc.cn; https://www.ndcpa.gov.cn; https://pubmed.ncbi.nlm.nih.gov,web; web; web
disease,D012,other-hepatitis,Other Hepatitis,CN,China,D012,Other Hepatitis,未分型肝炎,Viral,2013-12-01,2013-12,2883,672.6999999999999,1,0.20906332054124088,wpp_computed,,2010-01-01,2026-02-01,2026-03-27T13:36:35.923232+00:00,cdc_weekly,China CDC Weekly,https://weekly.chinacdc.cn,web,cdc_weekly; nhc; pubmed,China CDC Weekly; National Disease Control and Prevention Administration; PubMed,https://weekly.chinacdc.cn; https://www.ndcpa.gov.cn; https://pubmed.ncbi.nlm.nih.gov,web; web; web
disease,D012,other-hepatitis,Other Hepatitis,CN,China,D012,Other Hepatitis,未分型肝炎,Viral,2014-01-01,2014-01,3041,686.6774193548387,1,0.21909980037839522,wpp_computed,,2010-01-01,2026-02-01,2026-03-27T13:36:35.923232+00:00,cdc_weekly,China CDC Weekly,https://weekly.chinacdc.cn,web,cdc_weekly; nhc; pubmed,China CDC Weekly; National Disease Control and Prevention Administration; PubMed,https://weekly.chinacdc.cn; https://www.ndcpa.gov.cn; https://pubmed.ncbi.nlm.nih.gov,web; web; web
disease,D012,other-hepatitis,Other Hepatitis,CN,China,D012,Other Hepatitis,未分型肝炎,Viral,2014-02-01,2014-02,2849,643.3225806451613,1,0.2052664686872897,wpp_computed,,2010-01-01,2026-02-01,2026-03-27T13:36:35.923232+00:00,cdc_weekly,China CDC Weekly,https://weekly.chinacdc.cn,web,cdc_weekly; nhc; pubmed,China CDC Weekly; National Disease Control and Prevention Administration; PubMed,https://weekly.chinacdc.cn; https://www.ndcpa.gov.cn; https://pubmed.ncbi.nlm.nih.gov,web; web; web
disease,D012,other-hepatitis,Other Hepatitis,CN,China,D012,Other Hepatitis,未分型肝炎,Viral,2014-03-01,2014-03,3199,799.75,4,0.23048347958253412,wpp_computed,,2010-01-01,2026-02-01,2026-03-27T13:36:35.923232+00:00,cdc_weekly,China CDC Weekly,https://weekly.chinacdc.cn,web,cdc_weekly; nhc; pubmed,China CDC Weekly; National Disease Control and Prevention Administration; PubMed,https://weekly.chinacdc.cn; https://www.ndcpa.gov.cn; https://pubmed.ncbi.nlm.nih.gov,web; web; web
disease,D012,other-hepatitis,Other Hepatitis,CN,China,D012,Other Hepatitis,未分型肝炎,Viral,2014-04-01,2014-04,3106,701.3548387096773,1,0.22378295954465488,wpp_computed,,2010-01-01,2026-02-01,2026-03-27T13:36:35.923232+00:00,cdc_weekly,China CDC Weekly,https://weekly.chinacdc.cn,web,cdc_weekly; nhc; pubmed,China CDC Weekly; National Disease Control and Prevention Administration; PubMed,https://weekly.chinacdc.cn; https://www.ndcpa.gov.cn; https://pubmed.ncbi.nlm.nih.gov,web; web; web
disease,D012,other-hepatitis,Other Hepatitis,CN,China,D012,Other Hepatitis,未分型肝炎,Viral,2014-05-01,2014-05,2924,682.2666666666667,0,0.21067011387912782,wpp_computed,,2010-01-01,2026-02-01,2026-03-27T13:36:35.923232+00:00,cdc_weekly,China CDC Weekly,https://weekly.chinacdc.cn,web,cdc_weekly; nhc; pubmed,China CDC Weekly; National Disease Control and Prevention Administration; PubMed,https://weekly.chinacdc.cn; https://www.ndcpa.gov.cn; https://pubmed.ncbi.nlm.nih.gov,web; web; web
disease,D012,other-hepatitis,Other Hepatitis,CN,China,D012,Other Hepatitis,未分型肝炎,Viral,2014-06-01,2014-06,2853,644.2258064516129,1,0.20555466309752107,wpp_computed,,2010-01-01,2026-02-01,2026-03-27T13:36:35.923232+00:00,cdc_weekly,China CDC Weekly,https://weekly.chinacdc.cn,web,cdc_weekly; nhc; pubmed,China CDC Weekly; National Disease Control and Prevention Administration; PubMed,https://weekly.chinacdc.cn; https://www.ndcpa.gov.cn; https://pubmed.ncbi.nlm.nih.gov,web; web; web
disease,D012,other-hepatitis,Other Hepatitis,CN,China,D012,Other Hepatitis,未分型肝炎,Viral,2014-07-01,2014-07,3013,703.0333333333333,2,0.2170824395067757,wpp_computed,,2010-01-01,2026-02-01,2026-03-27T13:36:35.923232+00:00,cdc_weekly,China CDC Weekly,https://weekly.chinacdc.cn,web,cdc_weekly; nhc; pubmed,China CDC Weekly; National Disease Control and Prevention Administration; PubMed,https://weekly.chinacdc.cn; https://www.ndcpa.gov.cn; https://pubmed.ncbi.nlm.nih.gov,web; web; web
disease,D012,other-hepatitis,Other Hepatitis,CN,China,D012,Other Hepatitis,未分型肝炎,Viral,2014-08-01,2014-08,3041,686.6774193548387,2,0.21909980037839522,wpp_computed,,2010-01-01,2026-02-01,2026-03-27T13:36:35.923232+00:00,cdc_weekly,China CDC Weekly,https://weekly.chinacdc.cn,web,cdc_weekly; nhc; pubmed,China CDC Weekly; National Disease Control and Prevention Administration; PubMed,https://weekly.chinacdc.cn; https://www.ndcpa.gov.cn; https://pubmed.ncbi.nlm.nih.gov,web; web; web
disease,D012,other-hepatitis,Other Hepatitis,CN,China,D012,Other Hepatitis,未分型肝炎,Viral,2014-09-01,2014-09,2843,641.9677419354838,1,0.20483417707194265,wpp_computed,,2010-01-01,2026-02-01,2026-03-27T13:36:35.923232+00:00,cdc_weekly,China CDC Weekly,https://weekly.chinacdc.cn,web,cdc_weekly; nhc; pubmed,China CDC Weekly; National Disease Control and Prevention Administration; PubMed,https://weekly.chinacdc.cn; https://www.ndcpa.gov.cn; https://pubmed.ncbi.nlm.nih.gov,web; web; web
disease,D012,other-hepatitis,Other Hepatitis,CN,China,D012,Other Hepatitis,未分型肝炎,Viral,2014-10-01,2014-10,2771,646.5666666666666,0,0.19964667768777808,wpp_computed,,2010-01-01,2026-02-01,2026-03-27T13:36:35.923232+00:00,cdc_weekly,China CDC Weekly,https://weekly.chinacdc.cn,web,cdc_weekly; nhc; pubmed,China CDC Weekly; National Disease Control and Prevention Administration; PubMed,https://weekly.chinacdc.cn; https://www.ndcpa.gov.cn; https://pubmed.ncbi.nlm.nih.gov,web; web; web
disease,D012,other-hepatitis,Other Hepatitis,CN,China,D012,Other Hepatitis,未分型肝炎,Viral,2014-11-01,2014-11,2535,572.4193548387098,0,0.18264320748412755,wpp_computed,,2010-01-01,2026-02-01,2026-03-27T13:36:35.923232+00:00,cdc_weekly,China CDC Weekly,https://weekly.chinacdc.cn,web,cdc_weekly; nhc; pubmed,China CDC Weekly; National Disease Control and Prevention Administration; PubMed,https://weekly.chinacdc.cn; https://www.ndcpa.gov.cn; https://pubmed.ncbi.nlm.nih.gov,web; web; web
disease,D012,other-hepatitis,Other Hepatitis,CN,China,D012,Other Hepatitis,未分型肝炎,Viral,2014-12-01,2014-12,2629,613.4333333333334,0,0.18941577612456464,wpp_computed,,2010-01-01,2026-02-01,2026-03-27T13:36:35.923232+00:00,cdc_weekly,China CDC Weekly,https://weekly.chinacdc.cn,web,cdc_weekly; nhc; pubmed,China CDC Weekly; National Disease Control and Prevention Administration; PubMed,https://weekly.chinacdc.cn; https://www.ndcpa.gov.cn; https://pubmed.ncbi.nlm.nih.gov,web; web; web
disease,D012,other-hepatitis,Other Hepatitis,CN,China,D012,Other Hepatitis,未分型肝炎,Viral,2015-01-01,2015-01,2531,571.516129032258,2,0.18128630099032528,wpp_computed,,2010-01-01,2026-02-01,2026-03-27T13:36:35.923232+00:00,cdc_weekly,China CDC Weekly,https://weekly.chinacdc.cn,web,cdc_weekly; nhc; pubmed,China CDC Weekly; National Disease Control and Prevention Administration; PubMed,https://weekly.chinacdc.cn; https://www.ndcpa.gov.cn; https://pubmed.ncbi.nlm.nih.gov,web; web; web
disease,D012,other-hepatitis,Other Hepatitis,CN,China,D012,Other Hepatitis,未分型肝炎,Viral,2015-02-01,2015-02,2169,489.7741935483871,1,0.15535756098301678,wpp_computed,,2010-01-01,2026-02-01,2026-03-27T13:36:35.923232+00:00,cdc_weekly,China CDC Weekly,https://weekly.chinacdc.cn,web,cdc_weekly; nhc; pubmed,China CDC Weekly; National Disease Control and Prevention Administration; PubMed,https://weekly.chinacdc.cn; https://www.ndcpa.gov.cn; https://pubmed.ncbi.nlm.nih.gov,web; web; web
disease,D012,other-hepatitis,Other Hepatitis,CN,China,D012,Other Hepatitis,未分型肝炎,Viral,2015-03-01,2015-03,2715,678.75,0,0.19446555005481356,wpp_computed,,2010-01-01,2026-02-01,2026-03-27T13:36:35.923232+00:00,cdc_weekly,China CDC Weekly,https://weekly.chinacdc.cn,web,cdc_weekly; nhc; pubmed,China CDC Weekly; National Disease Control and Prevention Administration; PubMed,https://weekly.chinacdc.cn; https://www.ndcpa.gov.cn; https://pubmed.ncbi.nlm.nih.gov,web; web; web
disease,D012,other-hepatitis,Other Hepatitis,CN,China,D012,Other Hepatitis,未分型肝炎,Viral,2015-04-01,2015-04,2658,600.1935483870967,0,0.19038284789896665,wpp_computed,,2010-01-01,2026-02-01,2026-03-27T13:36:35.923232+00:00,cdc_weekly,China CDC Weekly,https://weekly.chinacdc.cn,web,cdc_weekly; nhc; pubmed,China CDC Weekly; National Disease Control and Prevention Administration; PubMed,https://weekly.chinacdc.cn; https://www.ndcpa.gov.cn; https://pubmed.ncbi.nlm.nih.gov,web; web; web
disease,D012,other-hepatitis,Other Hepatitis,CN,China,D012,Other Hepatitis,未分型肝炎,Viral,2015-05-01,2015-05,2460,574.0,0,0.17620082988391947,wpp_computed,,2010-01-01,2026-02-01,2026-03-27T13:36:35.923232+00:00,cdc_weekly,China CDC Weekly,https://weekly.chinacdc.cn,web,cdc_weekly; nhc; pubmed,China CDC Weekly; National Disease Control and Prevention Administration; PubMed,https://weekly.chinacdc.cn; https://www.ndcpa.gov.cn; https://pubmed.ncbi.nlm.nih.gov,web; web; web
disease,D012,other-hepatitis,Other Hepatitis,CN,China,D012,Other Hepatitis,未分型肝炎,Viral,2015-06-01,2015-06,2526,570.3870967741935,0,0.18092816922226854,wpp_computed,,2010-01-01,2026-02-01,2026-03-27T13:36:35.923232+00:00,cdc_weekly,China CDC Weekly,https://weekly.chinacdc.cn,web,cdc_weekly; nhc; pubmed,China CDC Weekly; National Disease Control and Prevention Administration; PubMed,https://weekly.chinacdc.cn; https://www.ndcpa.gov.cn; https://pubmed.ncbi.nlm.nih.gov,web; web; web
disease,D012,other-hepatitis,Other Hepatitis,CN,China,D012,Other Hepatitis,未分型肝炎,Viral,2015-07-01,2015-07,2555,596.1666666666667,1,0.18300533347699766,wpp_computed,,2010-01-01,2026-02-01,2026-03-27T13:36:35.923232+00:00,cdc_weekly,China CDC Weekly,https://weekly.chinacdc.cn,web,cdc_weekly; nhc; pubmed,China CDC Weekly; National Disease Control and Prevention Administration; PubMed,https://weekly.chinacdc.cn; https://www.ndcpa.gov.cn; https://pubmed.ncbi.nlm.nih.gov,web; web; web
disease,D012,other-hepatitis,Other Hepatitis,CN,China,D012,Other Hepatitis,未分型肝炎,Viral,2015-08-01,2015-08,2576,581.6774193548387,1,0.184509486902836,wpp_computed,,2010-01-01,2026-02-01,2026-03-27T13:36:35.923232+00:00,cdc_weekly,China CDC Weekly,https://weekly.chinacdc.cn,web,cdc_weekly; nhc; pubmed,China CDC Weekly; National Disease Control and Prevention Administration; PubMed,https://weekly.chinacdc.cn; https://www.ndcpa.gov.cn; https://pubmed.ncbi.nlm.nih.gov,web; web; web
disease,D012,other-hepatitis,Other Hepatitis,CN,China,D012,Other Hepatitis,未分型肝炎,Viral,2015-09-01,2015-09,2458,555.0322580645162,0,0.17605757717669676,wpp_computed,,2010-01-01,2026-02-01,2026-03-27T13:36:35.923232+00:00,cdc_weekly,China CDC Weekly,https://weekly.chinacdc.cn,web,cdc_weekly; nhc; pubmed,China CDC Weekly; National Disease Control and Prevention Administration; PubMed,https://weekly.chinacdc.cn; https://www.ndcpa.gov.cn; https://pubmed.ncbi.nlm.nih.gov,web; web; web
disease,D012,other-hepatitis,Other Hepatitis,CN,China,D012,Other Hepatitis,未分型肝炎,Viral,2015-10-01,2015-10,2403,560.6999999999999,1,0.17211812772807256,wpp_computed,,2010-01-01,2026-02-01,2026-03-27T13:36:35.923232+00:00,cdc_weekly,China CDC Weekly,https://weekly.chinacdc.cn,web,cdc_weekly; nhc; pubmed,China CDC Weekly; National Disease Control and Prevention Administration; PubMed,https://weekly.chinacdc.cn; https://www.ndcpa.gov.cn; https://pubmed.ncbi.nlm.nih.gov,web; web; web
disease,D012,other-hepatitis,Other Hepatitis,CN,China,D012,Other Hepatitis,未分型肝炎,Viral,2015-11-01,2015-11,2216,500.38709677419354,0,0.15872399960275022,wpp_computed,,2010-01-01,2026-02-01,2026-03-27T13:36:35.923232+00:00,cdc_weekly,China CDC Weekly,https://weekly.chinacdc.cn,web,cdc_weekly; nhc; pubmed,China CDC Weekly; National Disease Control and Prevention Administration; PubMed,https://weekly.chinacdc.cn; https://www.ndcpa.gov.cn; https://pubmed.ncbi.nlm.nih.gov,web; web; web
disease,D012,other-hepatitis,Other Hepatitis,CN,China,D012,Other Hepatitis,未分型肝炎,Viral,2015-12-01,2015-12,2251,525.2333333333333,0,0.16123092197914746,wpp_computed,,2010-01-01,2026-02-01,2026-03-27T13:36:35.923232+00:00,cdc_weekly,China CDC Weekly,https://weekly.chinacdc.cn,web,cdc_weekly; nhc; pubmed,China CDC Weekly; National Disease Control and Prevention Administration; PubMed,https://weekly.chinacdc.cn; https://www.ndcpa.gov.cn; https://pubmed.ncbi.nlm.nih.gov,web; web; web
disease,D012,other-hepatitis,Other Hepatitis,CN,China,D012,Other Hepatitis,未分型肝炎,Viral,2016-01-01,2016-01,1910,431.2903225806451,0,0.1360347864794288,wpp_computed,,2010-01-01,2026-02-01,2026-03-27T13:36:35.923232+00:00,cdc_weekly,China CDC Weekly,https://weekly.chinacdc.cn,web,cdc_weekly; nhc; pubmed,China CDC Weekly; National Disease Control and Prevention Administration; PubMed,https://weekly.chinacdc.cn; https://www.ndcpa.gov.cn; https://pubmed.ncbi.nlm.nih.gov,web; web; web
disease,D012,other-hepatitis,Other Hepatitis,CN,China,D012,Other Hepatitis,未分型肝炎,Viral,2016-02-01,2016-02,2046,462.0,0,0.1457210330559745,wpp_computed,,2010-01-01,2026-02-01,2026-03-27T13:36:35.923232+00:00,cdc_weekly,China CDC Weekly,https://weekly.chinacdc.cn,web,cdc_weekly; nhc; pubmed,China CDC Weekly; National Disease Control and Prevention Administration; PubMed,https://weekly.chinacdc.cn; https://www.ndcpa.gov.cn; https://pubmed.ncbi.nlm.nih.gov,web; web; web
disease,D012,other-hepatitis,Other Hepatitis,CN,China,D012,Other Hepatitis,未分型肝炎,Viral,2016-03-01,2016-03,2489,600.7931034482759,0,0.1772725568310462,wpp_computed,,2010-01-01,2026-02-01,2026-03-27T13:36:35.923232+00:00,cdc_weekly,China CDC Weekly,https://weekly.chinacdc.cn,web,cdc_weekly; nhc; pubmed,China CDC Weekly; National Disease Control and Prevention Administration; PubMed,https://weekly.chinacdc.cn; https://www.ndcpa.gov.cn; https://pubmed.ncbi.nlm.nih.gov,web; web; web
disease,D012,other-hepatitis,Other Hepatitis,CN,China,D012,Other Hepatitis,未分型肝炎,Viral,2016-04-01,2016-04,2235,504.67741935483866,0,0.1591820669013211,wpp_computed,,2010-01-01,2026-02-01,2026-03-27T13:36:35.923232+00:00,cdc_weekly,China CDC Weekly,https://weekly.chinacdc.cn,web,cdc_weekly; nhc; pubmed,China CDC Weekly; National Disease Control and Prevention Administration; PubMed,https://weekly.chinacdc.cn; https://www.ndcpa.gov.cn; https://pubmed.ncbi.nlm.nih.gov,web; web; web
disease,D012,other-hepatitis,Other Hepatitis,CN,China,D012,Other Hepatitis,未分型肝炎,Viral,2016-05-01,2016-05,2145,500.5,0,0.15277205078448938,wpp_computed,,2010-01-01,2026-02-01,2026-03-27T13:36:35.923232+00:00,cdc_weekly,China CDC Weekly,https://weekly.chinacdc.cn,web,cdc_weekly; nhc; pubmed,China CDC Weekly; National Disease Control and Prevention Administration; PubMed,https://weekly.chinacdc.cn; https://www.ndcpa.gov.cn; https://pubmed.ncbi.nlm.nih.gov,web; web; web
disease,D012,other-hepatitis,Other Hepatitis,CN,China,D012,Other Hepatitis,未分型肝炎,Viral,2016-06-01,2016-06,2007,453.1935483870967,1,0.14294335940534741,wpp_computed,,2010-01-01,2026-02-01,2026-03-27T13:36:35.923232+00:00,cdc_weekly,China CDC Weekly,https://weekly.chinacdc.cn,web,cdc_weekly; nhc; pubmed,China CDC Weekly; National Disease Control and Prevention Administration; PubMed,https://weekly.chinacdc.cn; https://www.ndcpa.gov.cn; https://pubmed.ncbi.nlm.nih.gov,web; web; web
disease,D012,other-hepatitis,Other Hepatitis,CN,China,D012,Other Hepatitis,未分型肝炎,Viral,2016-07-01,2016-07,2045,477.1666666666667,0,0.14564981065467636,wpp_computed,,2010-01-01,2026-02-01,2026-03-27T13:36:35.923232+00:00,cdc_weekly,China CDC Weekly,https://weekly.chinacdc.cn,web,cdc_weekly; nhc; pubmed,China CDC Weekly; National Disease Control and Prevention Administration; PubMed,https://weekly.chinacdc.cn; https://www.ndcpa.gov.cn; https://pubmed.ncbi.nlm.nih.gov,web; web; web
disease,D012,other-hepatitis,Other Hepatitis,CN,China,D012,Other Hepatitis,未分型肝炎,Viral,2016-08-01,2016-08,2246,507.16129032258067,1,0.15996551331560055,wpp_computed,,2010-01-01,2026-02-01,2026-03-27T13:36:35.923232+00:00,cdc_weekly,China CDC Weekly,https://weekly.chinacdc.cn,web,cdc_weekly; nhc; pubmed,China CDC Weekly; National Disease Control and Prevention Administration; PubMed,https://weekly.chinacdc.cn; https://www.ndcpa.gov.cn; https://pubmed.ncbi.nlm.nih.gov,web; web; web
disease,D012,other-hepatitis,Other Hepatitis,CN,China,D012,Other Hepatitis,未分型肝炎,Viral,2016-09-01,2016-09,2140,483.2258064516129,1,0.15241593877799875,wpp_computed,,2010-01-01,2026-02-01,2026-03-27T13:36:35.923232+00:00,cdc_weekly,China CDC Weekly,https://weekly.chinacdc.cn,web,cdc_weekly; nhc; pubmed,China CDC Weekly; National Disease Control and Prevention Administration; PubMed,https://weekly.chinacdc.cn; https://www.ndcpa.gov.cn; https://pubmed.ncbi.nlm.nih.gov,web; web; web
disease,D012,other-hepatitis,Other Hepatitis,CN,China,D012,Other Hepatitis,未分型肝炎,Viral,2016-10-01,2016-10,1774,413.93333333333334,1,0.12634853990288308,wpp_computed,,2010-01-01,2026-02-01,2026-03-27T13:36:35.923232+00:00,cdc_weekly,China CDC Weekly,https://weekly.chinacdc.cn,web,cdc_weekly; nhc; pubmed,China CDC Weekly; National Disease Control and Prevention Administration; PubMed,https://weekly.chinacdc.cn; https://www.ndcpa.gov.cn; https://pubmed.ncbi.nlm.nih.gov,web; web; web
disease,D012,other-hepatitis,Other Hepatitis,CN,China,D012,Other Hepatitis,未分型肝炎,Viral,2016-11-01,2016-11,1845,416.61290322580646,0,0.13140533039505034,wpp_computed,,2010-01-01,2026-02-01,2026-03-27T13:36:35.923232+00:00,cdc_weekly,China CDC Weekly,https://weekly.chinacdc.cn,web,cdc_weekly; nhc; pubmed,China CDC Weekly; National Disease Control and Prevention Administration; PubMed,https://weekly.chinacdc.cn; https://www.ndcpa.gov.cn; https://pubmed.ncbi.nlm.nih.gov,web; web; web
disease,D012,other-hepatitis,Other Hepatitis,CN,China,D012,Other Hepatitis,未分型肝炎,Viral,2016-12-01,2016-12,1817,423.9666666666667,1,0.1294111031587027,wpp_computed,,2010-01-01,2026-02-01,2026-03-27T13:36:35.923232+00:00,cdc_weekly,China CDC Weekly,https://weekly.chinacdc.cn,web,cdc_weekly; nhc; pubmed,China CDC Weekly; National Disease Control and Prevention Administration; PubMed,https://weekly.chinacdc.cn; https://www.ndcpa.gov.cn; https://pubmed.ncbi.nlm.nih.gov,web; web; web
disease,D012,other-hepatitis,Other Hepatitis,CN,China,D012,Other Hepatitis,未分型肝炎,Viral,2017-01-01,2017-01,1700,383.8709677419355,0,0.12036636175750202,wpp_computed,,2010-01-01,2026-02-01,2026-03-27T13:36:35.923232+00:00,cdc_weekly,China CDC Weekly,https://weekly.chinacdc.cn,web,cdc_weekly; nhc; pubmed,China CDC Weekly; National Disease Control and Prevention Administration; PubMed,https://weekly.chinacdc.cn; https://www.ndcpa.gov.cn; https://pubmed.ncbi.nlm.nih.gov,web; web; web
disease,D012,other-hepatitis,Other Hepatitis,CN,China,D012,Other Hepatitis,未分型肝炎,Viral,2017-02-01,2017-02,1887,426.09677419354836,0,0.13360666155082723,wpp_computed,,2010-01-01,2026-02-01,2026-03-27T13:36:35.923232+00:00,cdc_weekly,China CDC Weekly,https://weekly.chinacdc.cn,web,cdc_weekly; nhc; pubmed,China CDC Weekly; National Disease Control and Prevention Administration; PubMed,https://weekly.chinacdc.cn; https://www.ndcpa.gov.cn; https://pubmed.ncbi.nlm.nih.gov,web; web; web
disease,D012,other-hepatitis,Other Hepatitis,CN,China,D012,Other Hepatitis,未分型肝炎,Viral,2017-03-01,2017-03,1990,497.5,0,0.14089944699848764,wpp_computed,,2010-01-01,2026-02-01,2026-03-27T13:36:35.923232+00:00,cdc_weekly,China CDC Weekly,https://weekly.chinacdc.cn,web,cdc_weekly; nhc; pubmed,China CDC Weekly; National Disease Control and Prevention Administration; PubMed,https://weekly.chinacdc.cn; https://www.ndcpa.gov.cn; https://pubmed.ncbi.nlm.nih.gov,web; web; web
disease,D012,other-hepatitis,Other Hepatitis,CN,China,D012,Other Hepatitis,未分型肝炎,Viral,2017-04-01,2017-04,1772,400.1290322580645,1,0.12546423119664327,wpp_computed,,2010-01-01,2026-02-01,2026-03-27T13:36:35.923232+00:00,cdc_weekly,China CDC Weekly,https://weekly.chinacdc.cn,web,cdc_weekly; nhc; pubmed,China CDC Weekly; National Disease Control and Prevention Administration; PubMed,https://weekly.chinacdc.cn; https://www.ndcpa.gov.cn; https://pubmed.ncbi.nlm.nih.gov,web; web; web
disease,D012,other-hepatitis,Other Hepatitis,CN,China,D012,Other Hepatitis,未分型肝炎,Viral,2017-05-01,2017-05,1706,398.06666666666666,0,0.12079118421076379,wpp_computed,,2010-01-01,2026-02-01,2026-03-27T13:36:35.923232+00:00,cdc_weekly,China CDC Weekly,https://weekly.chinacdc.cn,web,cdc_weekly; nhc; pubmed,China CDC Weekly; National Disease Control and Prevention Administration; PubMed,https://weekly.chinacdc.cn; https://www.ndcpa.gov.cn; https://pubmed.ncbi.nlm.nih.gov,web; web; web
disease,D012,other-hepatitis,Other Hepatitis,CN,China,D012,Other Hepatitis,未分型肝炎,Viral,2017-06-01,2017-06,1908,430.83870967741933,0,0.13509354013724342,wpp_computed,,2010-01-01,2026-02-01,2026-03-27T13:36:35.923232+00:00,cdc_weekly,China CDC Weekly,https://weekly.chinacdc.cn,web,cdc_weekly; nhc; pubmed,China CDC Weekly; National Disease Control and Prevention Administration; PubMed,https://weekly.chinacdc.cn; https://www.ndcpa.gov.cn; https://pubmed.ncbi.nlm.nih.gov,web; web; web
disease,D012,other-hepatitis,Other Hepatitis,CN,China,D012,Other Hepatitis,未分型肝炎,Viral,2017-07-01,2017-07,1739,405.76666666666665,0,0.12312770770370354,wpp_computed,,2010-01-01,2026-02-01,2026-03-27T13:36:35.923232+00:00,cdc_weekly,China CDC Weekly,https://weekly.chinacdc.cn,web,cdc_weekly; nhc; pubmed,China CDC Weekly; National Disease Control and Prevention Administration; PubMed,https://weekly.chinacdc.cn; https://www.ndcpa.gov.cn; https://pubmed.ncbi.nlm.nih.gov,web; web; web
disease,D012,other-hepatitis,Other Hepatitis,CN,China,D012,Other Hepatitis,未分型肝炎,Viral,2017-08-01,2017-08,1782,402.38709677419354,0,0.12617226861874623,wpp_computed,,2010-01-01,2026-02-01,2026-03-27T13:36:35.923232+00:00,cdc_weekly,China CDC Weekly,https://weekly.chinacdc.cn,web,cdc_weekly; nhc; pubmed,China CDC Weekly; National Disease Control and Prevention Administration; PubMed,https://weekly.chinacdc.cn; https://www.ndcpa.gov.cn; https://pubmed.ncbi.nlm.nih.gov,web; web; web
disease,D012,other-hepatitis,Other Hepatitis,CN,China,D012,Other Hepatitis,未分型肝炎,Viral,2017-09-01,2017-09,1759,397.19354838709677,0,0.12454378254790945,wpp_computed,,2010-01-01,2026-02-01,2026-03-27T13:36:35.923232+00:00,cdc_weekly,China CDC Weekly,https://weekly.chinacdc.cn,web,cdc_weekly; nhc; pubmed,China CDC Weekly; National Disease Control and Prevention Administration; PubMed,https://weekly.chinacdc.cn; https://www.ndcpa.gov.cn; https://pubmed.ncbi.nlm.nih.gov,web; web; web
disease,D012,other-hepatitis,Other Hepatitis,CN,China,D012,Other Hepatitis,未分型肝炎,Viral,2017-10-01,2017-10,1648,384.5333333333333,0,0.11668456716256666,wpp_computed,,2010-01-01,2026-02-01,2026-03-27T13:36:35.923232+00:00,cdc_weekly,China CDC Weekly,https://weekly.chinacdc.cn,web,cdc_weekly; nhc; pubmed,China CDC Weekly; National Disease Control and Prevention Administration; PubMed,https://weekly.chinacdc.cn; https://www.ndcpa.gov.cn; https://pubmed.ncbi.nlm.nih.gov,web; web; web
disease,D012,other-hepatitis,Other Hepatitis,CN,China,D012,Other Hepatitis,未分型肝炎,Viral,2017-11-01,2017-11,1750,395.16129032258067,1,0.12390654886801677,wpp_computed,,2010-01-01,2026-02-01,2026-03-27T13:36:35.923232+00:00,cdc_weekly,China CDC Weekly,https://weekly.chinacdc.cn,web,cdc_weekly; nhc; pubmed,China CDC Weekly; National Disease Control and Prevention Administration; PubMed,https://weekly.chinacdc.cn; https://www.ndcpa.gov.cn; https://pubmed.ncbi.nlm.nih.gov,web; web; web
disease,D012,other-hepatitis,Other Hepatitis,CN,China,D012,Other Hepatitis,未分型肝炎,Viral,2017-12-01,2017-12,1560,364.0,1,0.11045383784806068,wpp_computed,,2010-01-01,2026-02-01,2026-03-27T13:36:35.923232+00:00,cdc_weekly,China CDC Weekly,https://weekly.chinacdc.cn,web,cdc_weekly; nhc; pubmed,China CDC Weekly; National Disease Control and Prevention Administration; PubMed,https://weekly.chinacdc.cn; https://www.ndcpa.gov.cn; https://pubmed.ncbi.nlm.nih.gov,web; web; web
disease,D012,other-hepatitis,Other Hepatitis,CN,China,D012,Other Hepatitis,未分型肝炎,Viral,2018-01-01,2018-01,1483,334.8709677419355,0,0.10450955885298867,wpp_computed,,2010-01-01,2026-02-01,2026-03-27T13:36:35.923232+00:00,cdc_weekly,China CDC Weekly,https://weekly.chinacdc.cn,web,cdc_weekly; nhc; pubmed,China CDC Weekly; National Disease Control and Prevention Administration; PubMed,https://weekly.chinacdc.cn; https://www.ndcpa.gov.cn; https://pubmed.ncbi.nlm.nih.gov,web; web; web
disease,D012,other-hepatitis,Other Hepatitis,CN,China,D012,Other Hepatitis,未分型肝炎,Viral,2018-02-01,2018-02,1261,284.741935483871,0,0.0888648372984617,wpp_computed,,2010-01-01,2026-02-01,2026-03-27T13:36:35.923232+00:00,cdc_weekly,China CDC Weekly,https://weekly.chinacdc.cn,web,cdc_weekly; nhc; pubmed,China CDC Weekly; National Disease Control and Prevention Administration; PubMed,https://weekly.chinacdc.cn; https://www.ndcpa.gov.cn; https://pubmed.ncbi.nlm.nih.gov,web; web; web
disease,D012,other-hepatitis,Other Hepatitis,CN,China,D012,Other Hepatitis,未分型肝炎,Viral,2018-03-01,2018-03,1676,419.0,0,0.11811060056480716,wpp_computed,,2010-01-01,2026-02-01,2026-03-27T13:36:35.923232+00:00,cdc_weekly,China CDC Weekly,https://weekly.chinacdc.cn,web,cdc_weekly; nhc; pubmed,China CDC Weekly; National Disease Control and Prevention Administration; PubMed,https://weekly.chinacdc.cn; https://www.ndcpa.gov.cn; https://pubmed.ncbi.nlm.nih.gov,web; web; web
disease,D012,other-hepatitis,Other Hepatitis,CN,China,D012,Other Hepatitis,未分型肝炎,Viral,2018-04-01,2018-04,1536,346.83870967741933,0,0.10824455994483519,wpp_computed,,2010-01-01,2026-02-01,2026-03-27T13:36:35.923232+00:00,cdc_weekly,China CDC Weekly,https://weekly.chinacdc.cn,web,cdc_weekly; nhc; pubmed,China CDC Weekly; National Disease Control and Prevention Administration; PubMed,https://weekly.chinacdc.cn; https://www.ndcpa.gov.cn; https://pubmed.ncbi.nlm.nih.gov,web; web; web
disease,D012,other-hepatitis,Other Hepatitis,CN,China,D012,Other Hepatitis,未分型肝炎,Viral,2018-05-01,2018-05,1682,392.4666666666667,0,0.11853343087709164,wpp_computed,,2010-01-01,2026-02-01,2026-03-27T13:36:35.923232+00:00,cdc_weekly,China CDC Weekly,https://weekly.chinacdc.cn,web,cdc_weekly; nhc; pubmed,China CDC Weekly; National Disease Control and Prevention Administration; PubMed,https://weekly.chinacdc.cn; https://www.ndcpa.gov.cn; https://pubmed.ncbi.nlm.nih.gov,web; web; web
disease,D012,other-hepatitis,Other Hepatitis,CN,China,D012,Other Hepatitis,未分型肝炎,Viral,2018-06-01,2018-06,1429,322.67741935483866,2,0.10070408604242806,wpp_computed,,2010-01-01,2026-02-01,2026-03-27T13:36:35.923232+00:00,cdc_weekly,China CDC Weekly,https://weekly.chinacdc.cn,web,cdc_weekly; nhc; pubmed,China CDC Weekly; National Disease Control and Prevention Administration; PubMed,https://weekly.chinacdc.cn; https://www.ndcpa.gov.cn; https://pubmed.ncbi.nlm.nih.gov,web; web; web
disease,D012,other-hepatitis,Other Hepatitis,CN,China,D012,Other Hepatitis,未分型肝炎,Viral,2018-07-01,2018-07,1568,365.8666666666667,0,0.11049965494368592,wpp_computed,,2010-01-01,2026-02-01,2026-03-27T13:36:35.923232+00:00,cdc_weekly,China CDC Weekly,https://weekly.chinacdc.cn,web,cdc_weekly; nhc; pubmed,China CDC Weekly; National Disease Control and Prevention Administration; PubMed,https://weekly.chinacdc.cn; https://www.ndcpa.gov.cn; https://pubmed.ncbi.nlm.nih.gov,web; web; web
disease,D012,other-hepatitis,Other Hepatitis,CN,China,D012,Other Hepatitis,未分型肝炎,Viral,2018-08-01,2018-08,1519,343.0,0,0.10704654072669574,wpp_computed,,2010-01-01,2026-02-01,2026-03-27T13:36:35.923232+00:00,cdc_weekly,China CDC Weekly,https://weekly.chinacdc.cn,web,cdc_weekly; nhc; pubmed,China CDC Weekly; National Disease Control and Prevention Administration; PubMed,https://weekly.chinacdc.cn; https://www.ndcpa.gov.cn; https://pubmed.ncbi.nlm.nih.gov,web; web; web
disease,D012,other-hepatitis,Other Hepatitis,CN,China,D012,Other Hepatitis,未分型肝炎,Viral,2018-09-01,2018-09,1330,300.32258064516134,0,0.09372738588973359,wpp_computed,,2010-01-01,2026-02-01,2026-03-27T13:36:35.923232+00:00,cdc_weekly,China CDC Weekly,https://weekly.chinacdc.cn,web,cdc_weekly; nhc; pubmed,China CDC Weekly; National Disease Control and Prevention Administration; PubMed,https://weekly.chinacdc.cn; https://www.ndcpa.gov.cn; https://pubmed.ncbi.nlm.nih.gov,web; web; web
disease,D012,other-hepatitis,Other Hepatitis,CN,China,D012,Other Hepatitis,未分型肝炎,Viral,2018-10-01,2018-10,1315,306.83333333333337,0,0.09267031010902231,wpp_computed,,2010-01-01,2026-02-01,2026-03-27T13:36:35.923232+00:00,cdc_weekly,China CDC Weekly,https://weekly.chinacdc.cn,web,cdc_weekly; nhc; pubmed,China CDC Weekly; National Disease Control and Prevention Administration; PubMed,https://weekly.chinacdc.cn; https://www.ndcpa.gov.cn; https://pubmed.ncbi.nlm.nih.gov,web; web; web
disease,D012,other-hepatitis,Other Hepatitis,CN,China,D012,Other Hepatitis,未分型肝炎,Viral,2018-11-01,2018-11,1229,277.5161290322581,0,0.08660974229961096,wpp_computed,,2010-01-01,2026-02-01,2026-03-27T13:36:35.923232+00:00,cdc_weekly,China CDC Weekly,https://weekly.chinacdc.cn,web,cdc_weekly; nhc; pubmed,China CDC Weekly; National Disease Control and Prevention Administration; PubMed,https://weekly.chinacdc.cn; https://www.ndcpa.gov.cn; https://pubmed.ncbi.nlm.nih.gov,web; web; web
disease,D012,other-hepatitis,Other Hepatitis,CN,China,D012,Other Hepatitis,未分型肝炎,Viral,2018-12-01,2018-12,1206,281.40000000000003,0,0.084988892769187,wpp_computed,,2010-01-01,2026-02-01,2026-03-27T13:36:35.923232+00:00,cdc_weekly,China CDC Weekly,https://weekly.chinacdc.cn,web,cdc_weekly; nhc; pubmed,China CDC Weekly; National Disease Control and Prevention Administration; PubMed,https://weekly.chinacdc.cn; https://www.ndcpa.gov.cn; https://pubmed.ncbi.nlm.nih.gov,web; web; web
disease,D012,other-hepatitis,Other Hepatitis,CN,China,D012,Other Hepatitis,未分型肝炎,Viral,2019-01-01,2019-01,1267,286.09677419354836,0,0.08900469833990414,wpp_computed,,2010-01-01,2026-02-01,2026-03-27T13:36:35.923232+00:00,cdc_weekly,China CDC Weekly,https://weekly.chinacdc.cn,web,cdc_weekly; nhc; pubmed,China CDC Weekly; National Disease Control and Prevention Administration; PubMed,https://weekly.chinacdc.cn; https://www.ndcpa.gov.cn; https://pubmed.ncbi.nlm.nih.gov,web; web; web
disease,D012,other-hepatitis,Other Hepatitis,CN,China,D012,Other Hepatitis,未分型肝炎,Viral,2019-02-01,2019-02,1041,235.06451612903226,0,0.07312856430295203,wpp_computed,,2010-01-01,2026-02-01,2026-03-27T13:36:35.923232+00:00,cdc_weekly,China CDC Weekly,https://weekly.chinacdc.cn,web,cdc_weekly; nhc; pubmed,China CDC Weekly; National Disease Control and Prevention Administration; PubMed,https://weekly.chinacdc.cn; https://www.ndcpa.gov.cn; https://pubmed.ncbi.nlm.nih.gov,web; web; web
disease,D012,other-hepatitis,Other Hepatitis,CN,China,D012,Other Hepatitis,未分型肝炎,Viral,2019-03-01,2019-03,1339,334.75,1,0.09406258174990659,wpp_computed,,2010-01-01,2026-02-01,2026-03-27T13:36:35.923232+00:00,cdc_weekly,China CDC Weekly,https://weekly.chinacdc.cn,web,cdc_weekly; nhc; pubmed,China CDC Weekly; National Disease Control and Prevention Administration; PubMed,https://weekly.chinacdc.cn; https://www.ndcpa.gov.cn; https://pubmed.ncbi.nlm.nih.gov,web; web; web
disease,D012,other-hepatitis,Other Hepatitis,CN,China,D012,Other Hepatitis,未分型肝炎,Viral,2019-04-01,2019-04,1372,309.80645161290323,0,0.09638077831282436,wpp_computed,,2010-01-01,2026-02-01,2026-03-27T13:36:35.923232+00:00,cdc_weekly,China CDC Weekly,https://weekly.chinacdc.cn,web,cdc_weekly; nhc; pubmed,China CDC Weekly; National Disease Control and Prevention Administration; PubMed,https://weekly.chinacdc.cn; https://www.ndcpa.gov.cn; https://pubmed.ncbi.nlm.nih.gov,web; web; web
disease,D012,other-hepatitis,Other Hepatitis,CN,China,D012,Other Hepatitis,未分型肝炎,Viral,2019-05-01,2019-05,1351,315.23333333333335,0,0.09490556231824032,wpp_computed,,2010-01-01,2026-02-01,2026-03-27T13:36:35.923232+00:00,cdc_weekly,China CDC Weekly,https://weekly.chinacdc.cn,web,cdc_weekly; nhc; pubmed,China CDC Weekly; National Disease Control and Prevention Administration; PubMed,https://weekly.chinacdc.cn; https://www.ndcpa.gov.cn; https://pubmed.ncbi.nlm.nih.gov,web; web; web
disease,D012,other-hepatitis,Other Hepatitis,CN,China,D012,Other Hepatitis,未分型肝炎,Viral,2019-06-01,2019-06,1199,270.741935483871,1,0.08422780845267962,wpp_computed,,2010-01-01,2026-02-01,2026-03-27T13:36:35.923232+00:00,cdc_weekly,China CDC Weekly,https://weekly.chinacdc.cn,web,cdc_weekly; nhc; pubmed,China CDC Weekly; National Disease Control and Prevention Administration; PubMed,https://weekly.chinacdc.cn; https://www.ndcpa.gov.cn; https://pubmed.ncbi.nlm.nih.gov,web; web; web
disease,D012,other-hepatitis,Other Hepatitis,CN,China,D012,Other Hepatitis,未分型肝炎,Viral,2019-07-01,2019-07,1330,310.33333333333337,1,0.09343034632365628,wpp_computed,,2010-01-01,2026-02-01,2026-03-27T13:36:35.923232+00:00,cdc_weekly,China CDC Weekly,https://weekly.chinacdc.cn,web,cdc_weekly; nhc; pubmed,China CDC Weekly; National Disease Control and Prevention Administration; PubMed,https://weekly.chinacdc.cn; https://www.ndcpa.gov.cn; https://pubmed.ncbi.nlm.nih.gov,web; web; web
disease,D012,other-hepatitis,Other Hepatitis,CN,China,D012,Other Hepatitis,未分型肝炎,Viral,2019-08-01,2019-08,1232,278.19354838709677,0,0.0865460050155974,wpp_computed,,2010-01-01,2026-02-01,2026-03-27T13:36:35.923232+00:00,cdc_weekly,China CDC Weekly,https://weekly.chinacdc.cn,web,cdc_weekly; nhc; pubmed,China CDC Weekly; National Disease Control and Prevention Administration; PubMed,https://weekly.chinacdc.cn; https://www.ndcpa.gov.cn; https://pubmed.ncbi.nlm.nih.gov,web; web; web
disease,D012,other-hepatitis,Other Hepatitis,CN,China,D012,Other Hepatitis,未分型肝炎,Viral,2019-09-01,2019-09,1111,250.87096774193546,0,0.07804595095156551,wpp_computed,,2010-01-01,2026-02-01,2026-03-27T13:36:35.923232+00:00,cdc_weekly,China CDC Weekly,https://weekly.chinacdc.cn,web,cdc_weekly; nhc; pubmed,China CDC Weekly; National Disease Control and Prevention Administration; PubMed,https://weekly.chinacdc.cn; https://www.ndcpa.gov.cn; https://pubmed.ncbi.nlm.nih.gov,web; web; web
disease,D012,other-hepatitis,Other Hepatitis,CN,China,D012,Other Hepatitis,未分型肝炎,Viral,2019-10-01,2019-10,1121,261.56666666666666,1,0.0787484347585103,wpp_computed,,2010-01-01,2026-02-01,2026-03-27T13:36:35.923232+00:00,cdc_weekly,China CDC Weekly,https://weekly.chinacdc.cn,web,cdc_weekly; nhc; pubmed,China CDC Weekly; National Disease Control and Prevention Administration; PubMed,https://weekly.chinacdc.cn; https://www.ndcpa.gov.cn; https://pubmed.ncbi.nlm.nih.gov,web; web; web
disease,D012,other-hepatitis,Other Hepatitis,CN,China,D012,Other Hepatitis,未分型肝炎,Viral,2019-11-01,2019-11,1030,232.58064516129033,1,0.07235583211531277,wpp_computed,,2010-01-01,2026-02-01,2026-03-27T13:36:35.923232+00:00,cdc_weekly,China CDC Weekly,https://weekly.chinacdc.cn,web,cdc_weekly; nhc; pubmed,China CDC Weekly; National Disease Control and Prevention Administration; PubMed,https://weekly.chinacdc.cn; https://www.ndcpa.gov.cn; https://pubmed.ncbi.nlm.nih.gov,web; web; web
disease,D012,other-hepatitis,Other Hepatitis,CN,China,D012,Other Hepatitis,未分型肝炎,Viral,2019-12-01,2019-12,1018,237.5333333333333,2,0.07151285154697902,wpp_computed,,2010-01-01,2026-02-01,2026-03-27T13:36:35.923232+00:00,cdc_weekly,China CDC Weekly,https://weekly.chinacdc.cn,web,cdc_weekly; nhc; pubmed,China CDC Weekly; National Disease Control and Prevention Administration; PubMed,https://weekly.chinacdc.cn; https://www.ndcpa.gov.cn; https://pubmed.ncbi.nlm.nih.gov,web; web; web
disease,D012,other-hepatitis,Other Hepatitis,CN,China,D012,Other Hepatitis,未分型肝炎,Viral,2020-01-01,2020-01,878,198.25806451612905,1,0.06156624702114641,wpp_computed,,2010-01-01,2026-02-01,2026-03-27T13:36:35.923232+00:00,cdc_weekly,China CDC Weekly,https://weekly.chinacdc.cn,web,cdc_weekly; nhc; pubmed,China CDC Weekly; National Disease Control and Prevention Administration; PubMed,https://weekly.chinacdc.cn; https://www.ndcpa.gov.cn; https://pubmed.ncbi.nlm.nih.gov,web; web; web
disease,D012,other-hepatitis,Other Hepatitis,CN,China,D012,Other Hepatitis,未分型肝炎,Viral,2020-02-01,2020-02,404,91.22580645161291,0,0.02832888815096031,wpp_computed,,2010-01-01,2026-02-01,2026-03-27T13:36:35.923232+00:00,cdc_weekly,China CDC Weekly,https://weekly.chinacdc.cn,web,cdc_weekly; nhc; pubmed,China CDC Weekly; National Disease Control and Prevention Administration; PubMed,https://weekly.chinacdc.cn; https://www.ndcpa.gov.cn; https://pubmed.ncbi.nlm.nih.gov,web; web; web
disease,D012,other-hepatitis,Other Hepatitis,CN,China,D012,Other Hepatitis,未分型肝炎,Viral,2020-03-01,2020-03,607,146.51724137931035,1,0.042563453236715114,wpp_computed,,2010-01-01,2026-02-01,2026-03-27T13:36:35.923232+00:00,cdc_weekly,China CDC Weekly,https://weekly.chinacdc.cn,web,cdc_weekly; nhc; pubmed,China CDC Weekly; National Disease Control and Prevention Administration; PubMed,https://weekly.chinacdc.cn; https://www.ndcpa.gov.cn; https://pubmed.ncbi.nlm.nih.gov,web; web; web
disease,D012,other-hepatitis,Other Hepatitis,CN,China,D012,Other Hepatitis,未分型肝炎,Viral,2020-04-01,2020-04,799,180.41935483870967,0,0.056026687209448735,wpp_computed,,2010-01-01,2026-02-01,2026-03-27T13:36:35.923232+00:00,cdc_weekly,China CDC Weekly,https://weekly.chinacdc.cn,web,cdc_weekly; nhc; pubmed,China CDC Weekly; National Disease Control and Prevention Administration; PubMed,https://weekly.chinacdc.cn; https://www.ndcpa.gov.cn; https://pubmed.ncbi.nlm.nih.gov,web; web; web
disease,D012,other-hepatitis,Other Hepatitis,CN,China,D012,Other Hepatitis,未分型肝炎,Viral,2020-05-01,2020-05,753,175.70000000000002,0,0.05280112073681463,wpp_computed,,2010-01-01,2026-02-01,2026-03-27T13:36:35.923232+00:00,cdc_weekly,China CDC Weekly,https://weekly.chinacdc.cn,web,cdc_weekly; nhc; pubmed,China CDC Weekly; National Disease Control and Prevention Administration; PubMed,https://weekly.chinacdc.cn; https://www.ndcpa.gov.cn; https://pubmed.ncbi.nlm.nih.gov,web; web; web
disease,D012,other-hepatitis,Other Hepatitis,CN,China,D012,Other Hepatitis,未分型肝炎,Viral,2020-06-01,2020-06,815,184.03225806451613,1,0.057148623373843195,wpp_computed,,2010-01-01,2026-02-01,2026-03-27T13:36:35.923232+00:00,cdc_weekly,China CDC Weekly,https://weekly.chinacdc.cn,web,cdc_weekly; nhc; pubmed,China CDC Weekly; National Disease Control and Prevention Administration; PubMed,https://weekly.chinacdc.cn; https://www.ndcpa.gov.cn; https://pubmed.ncbi.nlm.nih.gov,web; web; web
disease,D012,other-hepatitis,Other Hepatitis,CN,China,D012,Other Hepatitis,未分型肝炎,Viral,2020-07-01,2020-07,873,203.70000000000002,0,0.061215641969773145,wpp_computed,,2010-01-01,2026-02-01,2026-03-27T13:36:35.923232+00:00,cdc_weekly,China CDC Weekly,https://weekly.chinacdc.cn,web,cdc_weekly; nhc; pubmed,China CDC Weekly; National Disease Control and Prevention Administration; PubMed,https://weekly.chinacdc.cn; https://www.ndcpa.gov.cn; https://pubmed.ncbi.nlm.nih.gov,web; web; web
disease,D012,other-hepatitis,Other Hepatitis,CN,China,D012,Other Hepatitis,未分型肝炎,Viral,2020-08-01,2020-08,947,213.83870967741933,1,0.06640459673009756,wpp_computed,,2010-01-01,2026-02-01,2026-03-27T13:36:35.923232+00:00,cdc_weekly,China CDC Weekly,https://weekly.chinacdc.cn,web,cdc_weekly; nhc; pubmed,China CDC Weekly; National Disease Control and Prevention Administration; PubMed,https://weekly.chinacdc.cn; https://www.ndcpa.gov.cn; https://pubmed.ncbi.nlm.nih.gov,web; web; web
disease,D012,other-hepatitis,Other Hepatitis,CN,China,D012,Other Hepatitis,未分型肝炎,Viral,2020-09-01,2020-09,844,190.58064516129033,1,0.05918213267180816,wpp_computed,,2010-01-01,2026-02-01,2026-03-27T13:36:35.923232+00:00,cdc_weekly,China CDC Weekly,https://weekly.chinacdc.cn,web,cdc_weekly; nhc; pubmed,China CDC Weekly; National Disease Control and Prevention Administration; PubMed,https://weekly.chinacdc.cn; https://www.ndcpa.gov.cn; https://pubmed.ncbi.nlm.nih.gov,web; web; web
disease,D012,other-hepatitis,Other Hepatitis,CN,China,D012,Other Hepatitis,未分型肝炎,Viral,2020-10-01,2020-10,913,213.03333333333333,0,0.06402048238075932,wpp_computed,,2010-01-01,2026-02-01,2026-03-27T13:36:35.923232+00:00,cdc_weekly,China CDC Weekly,https://weekly.chinacdc.cn,web,cdc_weekly; nhc; pubmed,China CDC Weekly; National Disease Control and Prevention Administration; PubMed,https://weekly.chinacdc.cn; https://www.ndcpa.gov.cn; https://pubmed.ncbi.nlm.nih.gov,web; web; web
disease,D012,other-hepatitis,Other Hepatitis,CN,China,D012,Other Hepatitis,未分型肝炎,Viral,2020-11-01,2020-11,793,179.06451612903226,1,0.0556059611478008,wpp_computed,,2010-01-01,2026-02-01,2026-03-27T13:36:35.923232+00:00,cdc_weekly,China CDC Weekly,https://weekly.chinacdc.cn,web,cdc_weekly; nhc; pubmed,China CDC Weekly; National Disease Control and Prevention Administration; PubMed,https://weekly.chinacdc.cn; https://www.ndcpa.gov.cn; https://pubmed.ncbi.nlm.nih.gov,web; web; web
disease,D012,other-hepatitis,Other Hepatitis,CN,China,D012,Other Hepatitis,未分型肝炎,Viral,2020-12-01,2020-12,756,176.4,0,0.05301148376763859,wpp_computed,,2010-01-01,2026-02-01,2026-03-27T13:36:35.923232+00:00,cdc_weekly,China CDC Weekly,https://weekly.chinacdc.cn,web,cdc_weekly; nhc; pubmed,China CDC Weekly; National Disease Control and Prevention Administration; PubMed,https://weekly.chinacdc.cn; https://www.ndcpa.gov.cn; https://pubmed.ncbi.nlm.nih.gov,web; web; web
disease,D012,other-hepatitis,Other Hepatitis,CN,China,D012,Other Hepatitis,未分型肝炎,Viral,2021-01-01,2021-01,702,158.51612903225805,0,0.04921352072330567,wpp_computed,,2010-01-01,2026-02-01,2026-03-27T13:36:35.923232+00:00,cdc_weekly,China CDC Weekly,https://weekly.chinacdc.cn,web,cdc_weekly; nhc; pubmed,China CDC Weekly; National Disease Control and Prevention Administration; PubMed,https://weekly.chinacdc.cn; https://www.ndcpa.gov.cn; https://pubmed.ncbi.nlm.nih.gov,web; web; web
disease,D012,other-hepatitis,Other Hepatitis,CN,China,D012,Other Hepatitis,未分型肝炎,Viral,2021-02-01,2021-02,713,161.0,0,0.04998467275743154,wpp_computed,,2010-01-01,2026-02-01,2026-03-27T13:36:35.923232+00:00,cdc_weekly,China CDC Weekly,https://weekly.chinacdc.cn,web,cdc_weekly; nhc; pubmed,China CDC Weekly; National Disease Control and Prevention Administration; PubMed,https://weekly.chinacdc.cn; https://www.ndcpa.gov.cn; https://pubmed.ncbi.nlm.nih.gov,web; web; web
disease,D012,other-hepatitis,Other Hepatitis,CN,China,D012,Other Hepatitis,未分型肝炎,Viral,2021-03-01,2021-03,900,225.00000000000003,0,0.06309425733757136,wpp_computed,,2010-01-01,2026-02-01,2026-03-27T13:36:35.923232+00:00,cdc_weekly,China CDC Weekly,https://weekly.chinacdc.cn,web,cdc_weekly; nhc; pubmed,China CDC Weekly; National Disease Control and Prevention Administration; PubMed,https://weekly.chinacdc.cn; https://www.ndcpa.gov.cn; https://pubmed.ncbi.nlm.nih.gov,web; web; web
disease,D012,other-hepatitis,Other Hepatitis,CN,China,D012,Other Hepatitis,未分型肝炎,Viral,2021-04-01,2021-04,860,194.19354838709677,0,0.0602900681225682,wpp_computed,,2010-01-01,2026-02-01,2026-03-27T13:36:35.923232+00:00,cdc_weekly,China CDC Weekly,https://weekly.chinacdc.cn,web,cdc_weekly; nhc; pubmed,China CDC Weekly; National Disease Control and Prevention Administration; PubMed,https://weekly.chinacdc.cn; https://www.ndcpa.gov.cn; https://pubmed.ncbi.nlm.nih.gov,web; web; web
disease,D012,other-hepatitis,Other Hepatitis,CN,China,D012,Other Hepatitis,未分型肝炎,Viral,2021-05-01,2021-05,862,201.13333333333333,0,0.06043027758331835,wpp_computed,,2010-01-01,2026-02-01,2026-03-27T13:36:35.923232+00:00,cdc_weekly,China CDC Weekly,https://weekly.chinacdc.cn,web,cdc_weekly; nhc; pubmed,China CDC Weekly; National Disease Control and Prevention Administration; PubMed,https://weekly.chinacdc.cn; https://www.ndcpa.gov.cn; https://pubmed.ncbi.nlm.nih.gov,web; web; web
disease,D012,other-hepatitis,Other Hepatitis,CN,China,D012,Other Hepatitis,未分型肝炎,Viral,2021-06-01,2021-06,733,165.51612903225805,0,0.051386767364933125,wpp_computed,,2010-01-01,2026-02-01,2026-03-27T13:36:35.923232+00:00,cdc_weekly,China CDC Weekly,https://weekly.chinacdc.cn,web,cdc_weekly; nhc; pubmed,China CDC Weekly; National Disease Control and Prevention Administration; PubMed,https://weekly.chinacdc.cn; https://www.ndcpa.gov.cn; https://pubmed.ncbi.nlm.nih.gov,web; web; web
disease,D012,other-hepatitis,Other Hepatitis,CN,China,D012,Other Hepatitis,未分型肝炎,Viral,2021-07-01,2021-07,919,214.43333333333334,1,0.06442624721469788,wpp_computed,,2010-01-01,2026-02-01,2026-03-27T13:36:35.923232+00:00,cdc_weekly,China CDC Weekly,https://weekly.chinacdc.cn,web,cdc_weekly; nhc; pubmed,China CDC Weekly; National Disease Control and Prevention Administration; PubMed,https://weekly.chinacdc.cn; https://www.ndcpa.gov.cn; https://pubmed.ncbi.nlm.nih.gov,web; web; web
disease,D012,other-hepatitis,Other Hepatitis,CN,China,D012,Other Hepatitis,未分型肝炎,Viral,2021-08-01,2021-08,824,186.06451612903226,0,0.05776629782906534,wpp_computed,,2010-01-01,2026-02-01,2026-03-27T13:36:35.923232+00:00,cdc_weekly,China CDC Weekly,https://weekly.chinacdc.cn,web,cdc_weekly; nhc; pubmed,China CDC Weekly; National Disease Control and Prevention Administration; PubMed,https://weekly.chinacdc.cn; https://www.ndcpa.gov.cn; https://pubmed.ncbi.nlm.nih.gov,web; web; web
disease,D012,other-hepatitis,Other Hepatitis,CN,China,D012,Other Hepatitis,未分型肝炎,Viral,2021-09-01,2021-09,831,187.64516129032256,0,0.0582570309416909,wpp_computed,,2010-01-01,2026-02-01,2026-03-27T13:36:35.923232+00:00,cdc_weekly,China CDC Weekly,https://weekly.chinacdc.cn,web,cdc_weekly; nhc; pubmed,China CDC Weekly; National Disease Control and Prevention Administration; PubMed,https://weekly.chinacdc.cn; https://www.ndcpa.gov.cn; https://pubmed.ncbi.nlm.nih.gov,web; web; web
disease,D012,other-hepatitis,Other Hepatitis,CN,China,D012,Other Hepatitis,未分型肝炎,Viral,2021-10-01,2021-10,755,176.16666666666669,0,0.05292907143318487,wpp_computed,,2010-01-01,2026-02-01,2026-03-27T13:36:35.923232+00:00,cdc_weekly,China CDC Weekly,https://weekly.chinacdc.cn,web,cdc_weekly; nhc; pubmed,China CDC Weekly; National Disease Control and Prevention Administration; PubMed,https://weekly.chinacdc.cn; https://www.ndcpa.gov.cn; https://pubmed.ncbi.nlm.nih.gov,web; web; web
disease,D012,other-hepatitis,Other Hepatitis,CN,China,D012,Other Hepatitis,未分型肝炎,Viral,2021-11-01,2021-11,765,172.74193548387095,1,0.05363011873693567,wpp_computed,,2010-01-01,2026-02-01,2026-03-27T13:36:35.923232+00:00,cdc_weekly,China CDC Weekly,https://weekly.chinacdc.cn,web,cdc_weekly; nhc; pubmed,China CDC Weekly; National Disease Control and Prevention Administration; PubMed,https://weekly.chinacdc.cn; https://www.ndcpa.gov.cn; https://pubmed.ncbi.nlm.nih.gov,web; web; web
disease,D012,other-hepatitis,Other Hepatitis,CN,China,D012,Other Hepatitis,未分型肝炎,Viral,2021-12-01,2021-12,864,201.6,1,0.06057048704406852,wpp_computed,,2010-01-01,2026-02-01,2026-03-27T13:36:35.923232+00:00,cdc_weekly,China CDC Weekly,https://weekly.chinacdc.cn,web,cdc_weekly; nhc; pubmed,China CDC Weekly; National Disease Control and Prevention Administration; PubMed,https://weekly.chinacdc.cn; https://www.ndcpa.gov.cn; https://pubmed.ncbi.nlm.nih.gov,web; web; web
disease,D012,other-hepatitis,Other Hepatitis,CN,China,D012,Other Hepatitis,未分型肝炎,Viral,2022-01-01,2022-01,682,154.0,0,0.04785361892877373,wpp_computed,,2010-01-01,2026-02-01,2026-03-27T13:36:35.923232+00:00,cdc_weekly,China CDC Weekly,https://weekly.chinacdc.cn,web,cdc_weekly; nhc; pubmed,China CDC Weekly; National Disease Control and Prevention Administration; PubMed,https://weekly.chinacdc.cn; https://www.ndcpa.gov.cn; https://pubmed.ncbi.nlm.nih.gov,web; web; web
disease,D012,other-hepatitis,Other Hepatitis,CN,China,D012,Other Hepatitis,未分型肝炎,Viral,2022-02-01,2022-02,566,127.80645161290323,0,0.03971429371508202,wpp_computed,,2010-01-01,2026-02-01,2026-03-27T13:36:35.923232+00:00,cdc_weekly,China CDC Weekly,https://weekly.chinacdc.cn,web,cdc_weekly; nhc; pubmed,China CDC Weekly; National Disease Control and Prevention Administration; PubMed,https://weekly.chinacdc.cn; https://www.ndcpa.gov.cn; https://pubmed.ncbi.nlm.nih.gov,web; web; web
disease,D012,other-hepatitis,Other Hepatitis,CN,China,D012,Other Hepatitis,未分型肝炎,Viral,2022-03-01,2022-03,645,161.25,0,0.04525745485199276,wpp_computed,,2010-01-01,2026-02-01,2026-03-27T13:36:35.923232+00:00,cdc_weekly,China CDC Weekly,https://weekly.chinacdc.cn,web,cdc_weekly; nhc; pubmed,China CDC Weekly; National Disease Control and Prevention Administration; PubMed,https://weekly.chinacdc.cn; https://www.ndcpa.gov.cn; https://pubmed.ncbi.nlm.nih.gov,web; web; web
disease,D012,other-hepatitis,Other Hepatitis,CN,China,D012,Other Hepatitis,未分型肝炎,Viral,2022-04-01,2022-04,529,119.45161290322582,0,0.03711812963830104,wpp_computed,,2010-01-01,2026-02-01,2026-03-27T13:36:35.923232+00:00,cdc_weekly,China CDC Weekly,https://weekly.chinacdc.cn,web,cdc_weekly; nhc; pubmed,China CDC Weekly; National Disease Control and Prevention Administration; PubMed,https://weekly.chinacdc.cn; https://www.ndcpa.gov.cn; https://pubmed.ncbi.nlm.nih.gov,web; web; web
disease,D012,other-hepatitis,Other Hepatitis,CN,China,D012,Other Hepatitis,未分型肝炎,Viral,2022-05-01,2022-05,642,149.79999999999998,0,0.045046955061983494,wpp_computed,,2010-01-01,2026-02-01,2026-03-27T13:36:35.923232+00:00,cdc_weekly,China CDC Weekly,https://weekly.chinacdc.cn,web,cdc_weekly; nhc; pubmed,China CDC Weekly; National Disease Control and Prevention Administration; PubMed,https://weekly.chinacdc.cn; https://www.ndcpa.gov.cn; https://pubmed.ncbi.nlm.nih.gov,web; web; web
disease,D012,other-hepatitis,Other Hepatitis,CN,China,D012,Other Hepatitis,未分型肝炎,Viral,2022-06-01,2022-06,615,138.8709677419355,1,0.04315245695190007,wpp_computed,,2010-01-01,2026-02-01,2026-03-27T13:36:35.923232+00:00,cdc_weekly,China CDC Weekly,https://weekly.chinacdc.cn,web,cdc_weekly; nhc; pubmed,China CDC Weekly; National Disease Control and Prevention Administration; PubMed,https://weekly.chinacdc.cn; https://www.ndcpa.gov.cn; https://pubmed.ncbi.nlm.nih.gov,web; web; web
disease,D012,other-hepatitis,Other Hepatitis,CN,China,D012,Other Hepatitis,未分型肝炎,Viral,2022-07-01,2022-07,624,145.6,1,0.04378395632192788,wpp_computed,,2010-01-01,2026-02-01,2026-03-27T13:36:35.923232+00:00,cdc_weekly,China CDC Weekly,https://weekly.chinacdc.cn,web,cdc_weekly; nhc; pubmed,China CDC Weekly; National Disease Control and Prevention Administration; PubMed,https://weekly.chinacdc.cn; https://www.ndcpa.gov.cn; https://pubmed.ncbi.nlm.nih.gov,web; web; web
disease,D012,other-hepatitis,Other Hepatitis,CN,China,D012,Other Hepatitis,未分型肝炎,Viral,2022-08-01,2022-08,657,148.35483870967744,0,0.046099454012029834,wpp_computed,,2010-01-01,2026-02-01,2026-03-27T13:36:35.923232+00:00,cdc_weekly,China CDC Weekly,https://weekly.chinacdc.cn,web,cdc_weekly; nhc; pubmed,China CDC Weekly; National Disease Control and Prevention Administration; PubMed,https://weekly.chinacdc.cn; https://www.ndcpa.gov.cn; https://pubmed.ncbi.nlm.nih.gov,web; web; web
disease,D012,other-hepatitis,Other Hepatitis,CN,China,D012,Other Hepatitis,未分型肝炎,Viral,2022-09-01,2022-09,590,133.2258064516129,1,0.041398292035156166,wpp_computed,,2010-01-01,2026-02-01,2026-03-27T13:36:35.923232+00:00,cdc_weekly,China CDC Weekly,https://weekly.chinacdc.cn,web,cdc_weekly; nhc; pubmed,China CDC Weekly; National Disease Control and Prevention Administration; PubMed,https://weekly.chinacdc.cn; https://www.ndcpa.gov.cn; https://pubmed.ncbi.nlm.nih.gov,web; web; web
disease,D012,other-hepatitis,Other Hepatitis,CN,China,D012,Other Hepatitis,未分型肝炎,Viral,2022-10-01,2022-10,540,126.0,0,0.037889962201668355,wpp_computed,,2010-01-01,2026-02-01,2026-03-27T13:36:35.923232+00:00,cdc_weekly,China CDC Weekly,https://weekly.chinacdc.cn,web,cdc_weekly; nhc; pubmed,China CDC Weekly; National Disease Control and Prevention Administration; PubMed,https://weekly.chinacdc.cn; https://www.ndcpa.gov.cn; https://pubmed.ncbi.nlm.nih.gov,web; web; web
disease,D012,other-hepatitis,Other Hepatitis,CN,China,D012,Other Hepatitis,未分型肝炎,Viral,2022-11-01,2022-11,519,117.19354838709677,0,0.03641646367160348,wpp_computed,,2010-01-01,2026-02-01,2026-03-27T13:36:35.923232+00:00,cdc_weekly,China CDC Weekly,https://weekly.chinacdc.cn,web,cdc_weekly; nhc; pubmed,China CDC Weekly; National Disease Control and Prevention Administration; PubMed,https://weekly.chinacdc.cn; https://www.ndcpa.gov.cn; https://pubmed.ncbi.nlm.nih.gov,web; web; web
disease,D012,other-hepatitis,Other Hepatitis,CN,China,D012,Other Hepatitis,未分型肝炎,Viral,2022-12-01,2022-12,347,80.96666666666667,0,0.024347809044405408,wpp_computed,,2010-01-01,2026-02-01,2026-03-27T13:36:35.923232+00:00,cdc_weekly,China CDC Weekly,https://weekly.chinacdc.cn,web,cdc_weekly; nhc; pubmed,China CDC Weekly; National Disease Control and Prevention Administration; PubMed,https://weekly.chinacdc.cn; https://www.ndcpa.gov.cn; https://pubmed.ncbi.nlm.nih.gov,web; web; web
disease,D012,other-hepatitis,Other Hepatitis,CN,China,D012,Other Hepatitis,未分型肝炎,Viral,2023-01-01,2023-01,460,103.87096774193547,0,0.03233550345508105,wpp_computed,,2010-01-01,2026-02-01,2026-03-27T13:36:35.923232+00:00,cdc_weekly,China CDC Weekly,https://weekly.chinacdc.cn,web,cdc_weekly; nhc; pubmed,China CDC Weekly; National Disease Control and Prevention Administration; PubMed,https://weekly.chinacdc.cn; https://www.ndcpa.gov.cn; https://pubmed.ncbi.nlm.nih.gov,web; web; web
disease,D012,other-hepatitis,Other Hepatitis,CN,China,D012,Other Hepatitis,未分型肝炎,Viral,2023-02-01,2023-02,663,149.70967741935485,0,0.04660530171895378,wpp_computed,,2010-01-01,2026-02-01,2026-03-27T13:36:35.923232+00:00,cdc_weekly,China CDC Weekly,https://weekly.chinacdc.cn,web,cdc_weekly; nhc; pubmed,China CDC Weekly; National Disease Control and Prevention Administration; PubMed,https://weekly.chinacdc.cn; https://www.ndcpa.gov.cn; https://pubmed.ncbi.nlm.nih.gov,web; web; web
disease,D012,other-hepatitis,Other Hepatitis,CN,China,D012,Other Hepatitis,未分型肝炎,Viral,2023-03-01,2023-03,722,180.5,0,0.05075268150993156,wpp_computed,,2010-01-01,2026-02-01,2026-03-27T13:36:35.923232+00:00,cdc_weekly,China CDC Weekly,https://weekly.chinacdc.cn,web,cdc_weekly; nhc; pubmed,China CDC Weekly; National Disease Control and Prevention Administration; PubMed,https://weekly.chinacdc.cn; https://www.ndcpa.gov.cn; https://pubmed.ncbi.nlm.nih.gov,web; web; web
disease,D012,other-hepatitis,Other Hepatitis,CN,China,D012,Other Hepatitis,未分型肝炎,Viral,2023-04-01,2023-04,610,137.74193548387095,0,0.04287968936434662,wpp_computed,,2010-01-01,2026-02-01,2026-03-27T13:36:35.923232+00:00,cdc_weekly,China CDC Weekly,https://weekly.chinacdc.cn,web,cdc_weekly; nhc; pubmed,China CDC Weekly; National Disease Control and Prevention Administration; PubMed,https://weekly.chinacdc.cn; https://www.ndcpa.gov.cn; https://pubmed.ncbi.nlm.nih.gov,web; web; web
disease,D012,other-hepatitis,Other Hepatitis,CN,China,D012,Other Hepatitis,未分型肝炎,Viral,2023-05-01,2023-05,677,157.96666666666667,0,0.0475894257371519,wpp_computed,,2010-01-01,2026-02-01,2026-03-27T13:36:35.923232+00:00,cdc_weekly,China CDC Weekly,https://weekly.chinacdc.cn,web,cdc_weekly; nhc; pubmed,China CDC Weekly; National Disease Control and Prevention Administration; PubMed,https://weekly.chinacdc.cn; https://www.ndcpa.gov.cn; https://pubmed.ncbi.nlm.nih.gov,web; web; web
disease,D012,other-hepatitis,Other Hepatitis,CN,China,D012,Other Hepatitis,未分型肝炎,Viral,2023-06-01,2023-06,665,150.16129032258067,0,0.04674589086441065,wpp_computed,,2010-01-01,2026-02-01,2026-03-27T13:36:35.923232+00:00,cdc_weekly,China CDC Weekly,https://weekly.chinacdc.cn,web,cdc_weekly; nhc; pubmed,China CDC Weekly; National Disease Control and Prevention Administration; PubMed,https://weekly.chinacdc.cn; https://www.ndcpa.gov.cn; https://pubmed.ncbi.nlm.nih.gov,web; web; web
disease,D012,other-hepatitis,Other Hepatitis,CN,China,D012,Other Hepatitis,未分型肝炎,Viral,2023-07-01,2023-07,680,158.66666666666669,0,0.04780030945533721,wpp_computed,,2010-01-01,2026-02-01,2026-03-27T13:36:35.923232+00:00,cdc_weekly,China CDC Weekly,https://weekly.chinacdc.cn,web,cdc_weekly; nhc; pubmed,China CDC Weekly; National Disease Control and Prevention Administration; PubMed,https://weekly.chinacdc.cn; https://www.ndcpa.gov.cn; https://pubmed.ncbi.nlm.nih.gov,web; web; web
disease,D012,other-hepatitis,Other Hepatitis,CN,China,D012,Other Hepatitis,未分型肝炎,Viral,2023-08-01,2023-08,767,173.19354838709677,0,0.05391593728271124,wpp_computed,,2010-01-01,2026-02-01,2026-03-27T13:36:35.923232+00:00,cdc_weekly,China CDC Weekly,https://weekly.chinacdc.cn,web,cdc_weekly; nhc; pubmed,China CDC Weekly; National Disease Control and Prevention Administration; PubMed,https://weekly.chinacdc.cn; https://www.ndcpa.gov.cn; https://pubmed.ncbi.nlm.nih.gov,web; web; web
disease,D012,other-hepatitis,Other Hepatitis,CN,China,D012,Other Hepatitis,未分型肝炎,Viral,2023-09-01,2023-09,638,144.06451612903226,0,0.04484793740074285,wpp_computed,,2010-01-01,2026-02-01,2026-03-27T13:36:35.923232+00:00,cdc_weekly,China CDC Weekly,https://weekly.chinacdc.cn,web,cdc_weekly; nhc; pubmed,China CDC Weekly; National Disease Control and Prevention Administration; PubMed,https://weekly.chinacdc.cn; https://www.ndcpa.gov.cn; https://pubmed.ncbi.nlm.nih.gov,web; web; web
disease,D012,other-hepatitis,Other Hepatitis,CN,China,D012,Other Hepatitis,未分型肝炎,Viral,2023-10-01,2023-10,644,150.26666666666665,0,0.04526970483711348,wpp_computed,,2010-01-01,2026-02-01,2026-03-27T13:36:35.923232+00:00,cdc_weekly,China CDC Weekly,https://weekly.chinacdc.cn,web,cdc_weekly; nhc; pubmed,China CDC Weekly; National Disease Control and Prevention Administration; PubMed,https://weekly.chinacdc.cn; https://www.ndcpa.gov.cn; https://pubmed.ncbi.nlm.nih.gov,web; web; web
disease,D012,other-hepatitis,Other Hepatitis,CN,China,D012,Other Hepatitis,未分型肝炎,Viral,2023-11-01,2023-11,601,135.70967741935485,0,0.042247038209790685,wpp_computed,,2010-01-01,2026-02-01,2026-03-27T13:36:35.923232+00:00,cdc_weekly,China CDC Weekly,https://weekly.chinacdc.cn,web,cdc_weekly; nhc; pubmed,China CDC Weekly; National Disease Control and Prevention Administration; PubMed,https://weekly.chinacdc.cn; https://www.ndcpa.gov.cn; https://pubmed.ncbi.nlm.nih.gov,web; web; web
disease,D012,other-hepatitis,Other Hepatitis,CN,China,D012,Other Hepatitis,未分型肝炎,Viral,2023-12-01,2023-12,612,142.79999999999998,0,0.04302027850980349,wpp_computed,,2010-01-01,2026-02-01,2026-03-27T13:36:35.923232+00:00,cdc_weekly,China CDC Weekly,https://weekly.chinacdc.cn,web,cdc_weekly; nhc; pubmed,China CDC Weekly; National Disease Control and Prevention Administration; PubMed,https://weekly.chinacdc.cn; https://www.ndcpa.gov.cn; https://pubmed.ncbi.nlm.nih.gov,web; web; web
disease,D012,other-hepatitis,Other Hepatitis,CN,China,D012,Other Hepatitis,未分型肝炎,Viral,2024-01-01,2024-01,630,142.25806451612905,0,0.0443874131944027,wpp_computed,,2010-01-01,2026-02-01,2026-03-27T13:36:35.923232+00:00,cdc_weekly,China CDC Weekly,https://weekly.chinacdc.cn,web,cdc_weekly; nhc; pubmed,China CDC Weekly; National Disease Control and Prevention Administration; PubMed,https://weekly.chinacdc.cn; https://www.ndcpa.gov.cn; https://pubmed.ncbi.nlm.nih.gov,web; web; web
disease,D012,other-hepatitis,Other Hepatitis,CN,China,D012,Other Hepatitis,未分型肝炎,Viral,2024-02-01,2024-02,491,110.87096774193547,0,0.034593999807066234,wpp_computed,,2010-01-01,2026-02-01,2026-03-27T13:36:35.923232+00:00,cdc_weekly,China CDC Weekly,https://weekly.chinacdc.cn,web,cdc_weekly; nhc; pubmed,China CDC Weekly; National Disease Control and Prevention Administration; PubMed,https://weekly.chinacdc.cn; https://www.ndcpa.gov.cn; https://pubmed.ncbi.nlm.nih.gov,web; web; web
disease,D012,other-hepatitis,Other Hepatitis,CN,China,D012,Other Hepatitis,未分型肝炎,Viral,2024-03-01,2024-03,587,141.6896551724138,1,0.04135779610335617,wpp_computed,,2010-01-01,2026-02-01,2026-03-27T13:36:35.923232+00:00,cdc_weekly,China CDC Weekly,https://weekly.chinacdc.cn,web,cdc_weekly; nhc; pubmed,China CDC Weekly; National Disease Control and Prevention Administration; PubMed,https://weekly.chinacdc.cn; https://www.ndcpa.gov.cn; https://pubmed.ncbi.nlm.nih.gov,web; web; web
disease,D012,other-hepatitis,Other Hepatitis,CN,China,D012,Other Hepatitis,未分型肝炎,Viral,2024-04-01,2024-04,572,129.16129032258067,0,0.04030095293206087,wpp_computed,,2010-01-01,2026-02-01,2026-03-27T13:36:35.923232+00:00,cdc_weekly,China CDC Weekly,https://weekly.chinacdc.cn,web,cdc_weekly; nhc; pubmed,China CDC Weekly; National Disease Control and Prevention Administration; PubMed,https://weekly.chinacdc.cn; https://www.ndcpa.gov.cn; https://pubmed.ncbi.nlm.nih.gov,web; web; web
disease,D012,other-hepatitis,Other Hepatitis,CN,China,D012,Other Hepatitis,未分型肝炎,Viral,2024-05-01,2024-05,604,140.93333333333334,0,0.04255555169749085,wpp_computed,,2010-01-01,2026-02-01,2026-03-27T13:36:35.923232+00:00,cdc_weekly,China CDC Weekly,https://weekly.chinacdc.cn,web,cdc_weekly; nhc; pubmed,China CDC Weekly; National Disease Control and Prevention Administration; PubMed,https://weekly.chinacdc.cn; https://www.ndcpa.gov.cn; https://pubmed.ncbi.nlm.nih.gov,web; web; web
disease,D012,other-hepatitis,Other Hepatitis,CN,China,D012,Other Hepatitis,未分型肝炎,Viral,2024-06-01,2024-06,522,117.87096774193549,0,0.03677814236107652,wpp_computed,,2010-01-01,2026-02-01,2026-03-27T13:36:35.923232+00:00,cdc_weekly,China CDC Weekly,https://weekly.chinacdc.cn,web,cdc_weekly; nhc; pubmed,China CDC Weekly; National Disease Control and Prevention Administration; PubMed,https://weekly.chinacdc.cn; https://www.ndcpa.gov.cn; https://pubmed.ncbi.nlm.nih.gov,web; web; web
disease,D012,other-hepatitis,Other Hepatitis,CN,China,D012,Other Hepatitis,未分型肝炎,Viral,2024-07-01,2024-07,587,136.96666666666667,0,0.04135779610335617,wpp_computed,,2010-01-01,2026-02-01,2026-03-27T13:36:35.923232+00:00,cdc_weekly,China CDC Weekly,https://weekly.chinacdc.cn,web,cdc_weekly; nhc; pubmed,China CDC Weekly; National Disease Control and Prevention Administration; PubMed,https://weekly.chinacdc.cn; https://www.ndcpa.gov.cn; https://pubmed.ncbi.nlm.nih.gov,web; web; web
disease,D012,other-hepatitis,Other Hepatitis,CN,China,D012,Other Hepatitis,未分型肝炎,Viral,2024-08-01,2024-08,522,117.87096774193549,0,0.03677814236107652,wpp_computed,,2010-01-01,2026-02-01,2026-03-27T13:36:35.923232+00:00,cdc_weekly,China CDC Weekly,https://weekly.chinacdc.cn,web,cdc_weekly; nhc; pubmed,China CDC Weekly; National Disease Control and Prevention Administration; PubMed,https://weekly.chinacdc.cn; https://www.ndcpa.gov.cn; https://pubmed.ncbi.nlm.nih.gov,web; web; web
disease,D012,other-hepatitis,Other Hepatitis,CN,China,D012,Other Hepatitis,未分型肝炎,Viral,2024-09-01,2024-09,471,106.35483870967742,0,0.033184875578672494,wpp_computed,,2010-01-01,2026-02-01,2026-03-27T13:36:35.923232+00:00,cdc_weekly,China CDC Weekly,https://weekly.chinacdc.cn,web,cdc_weekly; nhc; pubmed,China CDC Weekly; National Disease Control and Prevention Administration; PubMed,https://weekly.chinacdc.cn; https://www.ndcpa.gov.cn; https://pubmed.ncbi.nlm.nih.gov,web; web; web
disease,D012,other-hepatitis,Other Hepatitis,CN,China,D012,Other Hepatitis,未分型肝炎,Viral,2024-10-01,2024-10,438,102.2,0,0.03085982060182283,wpp_computed,,2010-01-01,2026-02-01,2026-03-27T13:36:35.923232+00:00,cdc_weekly,China CDC Weekly,https://weekly.chinacdc.cn,web,cdc_weekly; nhc; pubmed,China CDC Weekly; National Disease Control and Prevention Administration; PubMed,https://weekly.chinacdc.cn; https://www.ndcpa.gov.cn; https://pubmed.ncbi.nlm.nih.gov,web; web; web
disease,D012,other-hepatitis,Other Hepatitis,CN,China,D012,Other Hepatitis,未分型肝炎,Viral,2024-11-01,2024-11,484,109.29032258064517,0,0.034100806327128426,wpp_computed,,2010-01-01,2026-02-01,2026-03-27T13:36:35.923232+00:00,cdc_weekly,China CDC Weekly,https://weekly.chinacdc.cn,web,cdc_weekly; nhc; pubmed,China CDC Weekly; National Disease Control and Prevention Administration; PubMed,https://weekly.chinacdc.cn; https://www.ndcpa.gov.cn; https://pubmed.ncbi.nlm.nih.gov,web; web; web
disease,D012,other-hepatitis,Other Hepatitis,CN,China,D012,Other Hepatitis,未分型肝炎,Viral,2024-12-01,2024-12,571,133.23333333333335,0,0.040230496720641176,wpp_computed,,2010-01-01,2026-02-01,2026-03-27T13:36:35.923232+00:00,cdc_weekly,China CDC Weekly,https://weekly.chinacdc.cn,web,cdc_weekly; nhc; pubmed,China CDC Weekly; National Disease Control and Prevention Administration; PubMed,https://weekly.chinacdc.cn; https://www.ndcpa.gov.cn; https://pubmed.ncbi.nlm.nih.gov,web; web; web
disease,D012,other-hepatitis,Other Hepatitis,CN,China,D012,Other Hepatitis,未分型肝炎,Viral,2025-01-01,2025-01,749,169.1290322580645,0,0.05289189082390054,wpp_computed,,2010-01-01,2026-02-01,2026-03-27T13:36:35.923232+00:00,cdc_weekly,China CDC Weekly,https://weekly.chinacdc.cn,web,cdc_weekly; nhc; pubmed,China CDC Weekly; National Disease Control and Prevention Administration; PubMed,https://weekly.chinacdc.cn; https://www.ndcpa.gov.cn; https://pubmed.ncbi.nlm.nih.gov,web; web; web
disease,D012,other-hepatitis,Other Hepatitis,CN,China,D012,Other Hepatitis,未分型肝炎,Viral,2025-02-01,2025-02,689,155.58064516129033,0,0.0486548902238551,wpp_computed,,2010-01-01,2026-02-01,2026-03-27T13:36:35.923232+00:00,cdc_weekly,China CDC Weekly,https://weekly.chinacdc.cn,web,cdc_weekly; nhc; pubmed,China CDC Weekly; National Disease Control and Prevention Administration; PubMed,https://weekly.chinacdc.cn; https://www.ndcpa.gov.cn; https://pubmed.ncbi.nlm.nih.gov,web; web; web
disease,D012,other-hepatitis,Other Hepatitis,CN,China,D012,Other Hepatitis,未分型肝炎,Viral,2025-03-01,2025-03,745,186.25,0,0.052609424117230845,wpp_computed,,2010-01-01,2026-02-01,2026-03-27T13:36:35.923232+00:00,cdc_weekly,China CDC Weekly,https://weekly.chinacdc.cn,web,cdc_weekly; nhc; pubmed,China CDC Weekly; National Disease Control and Prevention Administration; PubMed,https://weekly.chinacdc.cn; https://www.ndcpa.gov.cn; https://pubmed.ncbi.nlm.nih.gov,web; web; web
disease,D012,other-hepatitis,Other Hepatitis,CN,China,D012,Other Hepatitis,未分型肝炎,Viral,2025-04-01,2025-04,623,140.67741935483872,0,0.043994189563805124,wpp_computed,,2010-01-01,2026-02-01,2026-03-27T13:36:35.923232+00:00,cdc_weekly,China CDC Weekly,https://weekly.chinacdc.cn,web,cdc_weekly; nhc; pubmed,China CDC Weekly; National Disease Control and Prevention Administration; PubMed,https://weekly.chinacdc.cn; https://www.ndcpa.gov.cn; https://pubmed.ncbi.nlm.nih.gov,web; web; web
disease,D012,other-hepatitis,Other Hepatitis,CN,China,D012,Other Hepatitis,未分型肝炎,Viral,2025-05-01,2025-05,586,136.73333333333335,0,0.04138137252711044,wpp_computed,,2010-01-01,2026-02-01,2026-03-27T13:36:35.923232+00:00,cdc_weekly,China CDC Weekly,https://weekly.chinacdc.cn,web,cdc_weekly; nhc; pubmed,China CDC Weekly; National Disease Control and Prevention Administration; PubMed,https://weekly.chinacdc.cn; https://www.ndcpa.gov.cn; https://pubmed.ncbi.nlm.nih.gov,web; web; web
disease,D012,other-hepatitis,Other Hepatitis,CN,China,D012,Other Hepatitis,未分型肝炎,Viral,2025-06-01,2025-06,571,128.93548387096774,0,0.04032212237709908,wpp_computed,,2010-01-01,2026-02-01,2026-03-27T13:36:35.923232+00:00,cdc_weekly,China CDC Weekly,https://weekly.chinacdc.cn,web,cdc_weekly; nhc; pubmed,China CDC Weekly; National Disease Control and Prevention Administration; PubMed,https://weekly.chinacdc.cn; https://www.ndcpa.gov.cn; https://pubmed.ncbi.nlm.nih.gov,web; web; web
disease,D012,other-hepatitis,Other Hepatitis,CN,China,D012,Other Hepatitis,未分型肝炎,Viral,2025-07-01,2025-07,586,136.73333333333335,0,0.04138137252711044,wpp_computed,,2010-01-01,2026-02-01,2026-03-27T13:36:35.923232+00:00,cdc_weekly,China CDC Weekly,https://weekly.chinacdc.cn,web,cdc_weekly; nhc; pubmed,China CDC Weekly; National Disease Control and Prevention Administration; PubMed,https://weekly.chinacdc.cn; https://www.ndcpa.gov.cn; https://pubmed.ncbi.nlm.nih.gov,web; web; web
disease,D012,other-hepatitis,Other Hepatitis,CN,China,D012,Other Hepatitis,未分型肝炎,Viral,2025-08-01,2025-08,575,129.83870967741933,0,0.04060458908376877,wpp_computed,,2010-01-01,2026-02-01,2026-03-27T13:36:35.923232+00:00,cdc_weekly,China CDC Weekly,https://weekly.chinacdc.cn,web,cdc_weekly; nhc; pubmed,China CDC Weekly; National Disease Control and Prevention Administration; PubMed,https://weekly.chinacdc.cn; https://www.ndcpa.gov.cn; https://pubmed.ncbi.nlm.nih.gov,web; web; web
disease,D012,other-hepatitis,Other Hepatitis,CN,China,D012,Other Hepatitis,未分型肝炎,Viral,2025-09-01,2025-09,596,134.58064516129033,1,0.04208753929378468,wpp_computed,,2010-01-01,2026-02-01,2026-03-27T13:36:35.923232+00:00,cdc_weekly,China CDC Weekly,https://weekly.chinacdc.cn,web,cdc_weekly; nhc; pubmed,China CDC Weekly; National Disease Control and Prevention Administration; PubMed,https://weekly.chinacdc.cn; https://www.ndcpa.gov.cn; https://pubmed.ncbi.nlm.nih.gov,web; web; web
disease,D012,other-hepatitis,Other Hepatitis,CN,China,D012,Other Hepatitis,未分型肝炎,Viral,2025-10-01,2025-10,546,127.39999999999999,0,0.03855670546041348,wpp_computed,,2010-01-01,2026-02-01,2026-03-27T13:36:35.923232+00:00,cdc_weekly,China CDC Weekly,https://weekly.chinacdc.cn,web,cdc_weekly; nhc; pubmed,China CDC Weekly; National Disease Control and Prevention Administration; PubMed,https://weekly.chinacdc.cn; https://www.ndcpa.gov.cn; https://pubmed.ncbi.nlm.nih.gov,web; web; web
disease,D012,other-hepatitis,Other Hepatitis,CN,China,D012,Other Hepatitis,未分型肝炎,Viral,2025-11-01,2025-11,559,126.2258064516129,1,0.03947472225708999,wpp_computed,,2010-01-01,2026-02-01,2026-03-27T13:36:35.923232+00:00,cdc_weekly,China CDC Weekly,https://weekly.chinacdc.cn,web,cdc_weekly; nhc; pubmed,China CDC Weekly; National Disease Control and Prevention Administration; PubMed,https://weekly.chinacdc.cn; https://www.ndcpa.gov.cn; https://pubmed.ncbi.nlm.nih.gov,web; web; web
disease,D012,other-hepatitis,Other Hepatitis,CN,China,D012,Other Hepatitis,未分型肝炎,Viral,2025-12-01,2025-12,703,164.03333333333333,0,0.049643523697199037,wpp_computed,,2010-01-01,2026-02-01,2026-03-27T13:36:35.923232+00:00,cdc_weekly,China CDC Weekly,https://weekly.chinacdc.cn,web,cdc_weekly; nhc; pubmed,China CDC Weekly; National Disease Control and Prevention Administration; PubMed,https://weekly.chinacdc.cn; https://www.ndcpa.gov.cn; https://pubmed.ncbi.nlm.nih.gov,web; web; web
disease,D012,other-hepatitis,Other Hepatitis,CN,China,D012,Other Hepatitis,未分型肝炎,Viral,2026-01-01,2026-01,572,129.16129032258067,0,0.04048370701768963,wpp_computed,,2010-01-01,2026-02-01,2026-03-27T13:36:35.923232+00:00,cdc_weekly,China CDC Weekly,https://weekly.chinacdc.cn,web,cdc_weekly; nhc; pubmed,China CDC Weekly; National Disease Control and Prevention Administration; PubMed,https://weekly.chinacdc.cn; https://www.ndcpa.gov.cn; https://pubmed.ncbi.nlm.nih.gov,web; web; web
disease,D012,other-hepatitis,Other Hepatitis,CN,China,D012,Other Hepatitis,未分型肝炎,Viral,2026-02-01,2026-02,456,102.96774193548387,0,0.03227372447564069,wpp_computed,,2010-01-01,2026-02-01,2026-03-27T13:36:35.923232+00:00,cdc_weekly,China CDC Weekly,https://weekly.chinacdc.cn,web,cdc_weekly; nhc; pubmed,China CDC Weekly; National Disease Control and Prevention Administration; PubMed,https://weekly.chinacdc.cn; https://www.ndcpa.gov.cn; https://pubmed.ncbi.nlm.nih.gov,web; web; web
